evaluation,fold,classifier,feature_set,recording_id,dataset_id,subject_id,target,probability,prediction,correct
LOSO,BIBI,LightGBM,B1_time,dataset_a:imu_20260721_223610,dataset_a,BIBI,0,0.0009744480144136349,0,1
LOSO,BIBI,LightGBM,B1_time,dataset_a:imu_20260721_223637,dataset_a,BIBI,0,0.0009838793899244157,0,1
LOSO,BIBI,LightGBM,B1_time,dataset_a:imu_20260721_223912,dataset_a,BIBI,0,0.0009744480144136349,0,1
LOSO,BIBI,LightGBM,B1_time,dataset_a:imu_20260721_223934,dataset_a,BIBI,0,0.0009744480144136349,0,1
LOSO,BIBI,LightGBM,B1_time,dataset_a:imu_20260721_223956,dataset_a,BIBI,0,0.0009744480144136349,0,1
LOSO,BIBI,LightGBM,B1_time,dataset_a:imu_20260721_224325,dataset_a,BIBI,0,0.0009744480144136349,0,1
LOSO,BIBI,LightGBM,B1_time,dataset_a:imu_20260721_224347,dataset_a,BIBI,0,0.0009744480144136349,0,1
LOSO,BIBI,LightGBM,B1_time,dataset_a:imu_20260721_224411,dataset_a,BIBI,0,0.0009744480144136349,0,1
LOSO,BIBI,LightGBM,B1_time,dataset_a:imu_20260721_224433,dataset_a,BIBI,0,0.0009744480144136349,0,1
LOSO,BIBI,LightGBM,B1_time,dataset_a:imu_20260721_224454,dataset_a,BIBI,0,0.0009744480144136349,0,1
LOSO,BIBI,LightGBM,B1_time,dataset_a:imu_20260721_223440,dataset_a,BIBI,1,0.9989019845919004,1,1
LOSO,BIBI,LightGBM,B1_time,dataset_a:imu_20260721_223504,dataset_a,BIBI,1,0.9989019845919004,1,1
LOSO,BIBI,LightGBM,B1_time,dataset_a:imu_20260721_223730,dataset_a,BIBI,1,0.9989019845919004,1,1
LOSO,BIBI,LightGBM,B1_time,dataset_a:imu_20260721_223808,dataset_a,BIBI,1,0.9989019845919004,1,1
LOSO,BIBI,LightGBM,B1_time,dataset_a:imu_20260721_223840,dataset_a,BIBI,1,0.9989019845919004,1,1
LOSO,BIBI,LightGBM,B1_time,dataset_a:imu_20260721_224047,dataset_a,BIBI,1,0.9989019845919004,1,1
LOSO,BIBI,LightGBM,B1_time,dataset_a:imu_20260721_224120,dataset_a,BIBI,1,0.9989019845919004,1,1
LOSO,BIBI,LightGBM,B1_time,dataset_a:imu_20260721_224153,dataset_a,BIBI,1,0.9989019845919004,1,1
LOSO,BIBI,LightGBM,B1_time,dataset_a:imu_20260721_224224,dataset_a,BIBI,1,0.9989019845919004,1,1
LOSO,BIBI,LightGBM,B1_time,dataset_a:imu_20260721_224255,dataset_a,BIBI,1,0.9989019845919004,1,1
LOSO,BIBI,XGBoost,B1_time,dataset_a:imu_20260721_223610,dataset_a,BIBI,0,0.011368196457624435,0,1
LOSO,BIBI,XGBoost,B1_time,dataset_a:imu_20260721_223637,dataset_a,BIBI,0,0.011368196457624435,0,1
LOSO,BIBI,XGBoost,B1_time,dataset_a:imu_20260721_223912,dataset_a,BIBI,0,0.011368196457624435,0,1
LOSO,BIBI,XGBoost,B1_time,dataset_a:imu_20260721_223934,dataset_a,BIBI,0,0.011368196457624435,0,1
LOSO,BIBI,XGBoost,B1_time,dataset_a:imu_20260721_223956,dataset_a,BIBI,0,0.011368196457624435,0,1
LOSO,BIBI,XGBoost,B1_time,dataset_a:imu_20260721_224325,dataset_a,BIBI,0,0.011368196457624435,0,1
LOSO,BIBI,XGBoost,B1_time,dataset_a:imu_20260721_224347,dataset_a,BIBI,0,0.011368196457624435,0,1
LOSO,BIBI,XGBoost,B1_time,dataset_a:imu_20260721_224411,dataset_a,BIBI,0,0.012412767857313156,0,1
LOSO,BIBI,XGBoost,B1_time,dataset_a:imu_20260721_224433,dataset_a,BIBI,0,0.011368196457624435,0,1
LOSO,BIBI,XGBoost,B1_time,dataset_a:imu_20260721_224454,dataset_a,BIBI,0,0.011368196457624435,0,1
LOSO,BIBI,XGBoost,B1_time,dataset_a:imu_20260721_223440,dataset_a,BIBI,1,0.9883618950843811,1,1
LOSO,BIBI,XGBoost,B1_time,dataset_a:imu_20260721_223504,dataset_a,BIBI,1,0.9883618950843811,1,1
LOSO,BIBI,XGBoost,B1_time,dataset_a:imu_20260721_223730,dataset_a,BIBI,1,0.9883618950843811,1,1
LOSO,BIBI,XGBoost,B1_time,dataset_a:imu_20260721_223808,dataset_a,BIBI,1,0.9883618950843811,1,1
LOSO,BIBI,XGBoost,B1_time,dataset_a:imu_20260721_223840,dataset_a,BIBI,1,0.9883618950843811,1,1
LOSO,BIBI,XGBoost,B1_time,dataset_a:imu_20260721_224047,dataset_a,BIBI,1,0.9883618950843811,1,1
LOSO,BIBI,XGBoost,B1_time,dataset_a:imu_20260721_224120,dataset_a,BIBI,1,0.9883618950843811,1,1
LOSO,BIBI,XGBoost,B1_time,dataset_a:imu_20260721_224153,dataset_a,BIBI,1,0.9883618950843811,1,1
LOSO,BIBI,XGBoost,B1_time,dataset_a:imu_20260721_224224,dataset_a,BIBI,1,0.9883618950843811,1,1
LOSO,BIBI,XGBoost,B1_time,dataset_a:imu_20260721_224255,dataset_a,BIBI,1,0.9883618950843811,1,1
LOSO,BIBI,LightGBM,B2_time_frequency,dataset_a:imu_20260721_223610,dataset_a,BIBI,0,0.0012659129780312863,0,1
LOSO,BIBI,LightGBM,B2_time_frequency,dataset_a:imu_20260721_223637,dataset_a,BIBI,0,0.0012659129780312863,0,1
LOSO,BIBI,LightGBM,B2_time_frequency,dataset_a:imu_20260721_223912,dataset_a,BIBI,0,0.0012659129780312863,0,1
LOSO,BIBI,LightGBM,B2_time_frequency,dataset_a:imu_20260721_223934,dataset_a,BIBI,0,0.0012659129780312863,0,1
LOSO,BIBI,LightGBM,B2_time_frequency,dataset_a:imu_20260721_223956,dataset_a,BIBI,0,0.0012659129780312863,0,1
LOSO,BIBI,LightGBM,B2_time_frequency,dataset_a:imu_20260721_224325,dataset_a,BIBI,0,0.0012659129780312863,0,1
LOSO,BIBI,LightGBM,B2_time_frequency,dataset_a:imu_20260721_224347,dataset_a,BIBI,0,0.0012659129780312863,0,1
LOSO,BIBI,LightGBM,B2_time_frequency,dataset_a:imu_20260721_224411,dataset_a,BIBI,0,0.0012659129780312863,0,1
LOSO,BIBI,LightGBM,B2_time_frequency,dataset_a:imu_20260721_224433,dataset_a,BIBI,0,0.0012659129780312863,0,1
LOSO,BIBI,LightGBM,B2_time_frequency,dataset_a:imu_20260721_224454,dataset_a,BIBI,0,0.0012659129780312863,0,1
LOSO,BIBI,LightGBM,B2_time_frequency,dataset_a:imu_20260721_223440,dataset_a,BIBI,1,0.9986454157625617,1,1
LOSO,BIBI,LightGBM,B2_time_frequency,dataset_a:imu_20260721_223504,dataset_a,BIBI,1,0.9986454157625617,1,1
LOSO,BIBI,LightGBM,B2_time_frequency,dataset_a:imu_20260721_223730,dataset_a,BIBI,1,0.9986454157625617,1,1
LOSO,BIBI,LightGBM,B2_time_frequency,dataset_a:imu_20260721_223808,dataset_a,BIBI,1,0.9986454157625617,1,1
LOSO,BIBI,LightGBM,B2_time_frequency,dataset_a:imu_20260721_223840,dataset_a,BIBI,1,0.9986454157625617,1,1
LOSO,BIBI,LightGBM,B2_time_frequency,dataset_a:imu_20260721_224047,dataset_a,BIBI,1,0.9986454157625617,1,1
LOSO,BIBI,LightGBM,B2_time_frequency,dataset_a:imu_20260721_224120,dataset_a,BIBI,1,0.9986454157625617,1,1
LOSO,BIBI,LightGBM,B2_time_frequency,dataset_a:imu_20260721_224153,dataset_a,BIBI,1,0.9986454157625617,1,1
LOSO,BIBI,LightGBM,B2_time_frequency,dataset_a:imu_20260721_224224,dataset_a,BIBI,1,0.9986454157625617,1,1
LOSO,BIBI,LightGBM,B2_time_frequency,dataset_a:imu_20260721_224255,dataset_a,BIBI,1,0.9986454157625617,1,1
LOSO,BIBI,XGBoost,B2_time_frequency,dataset_a:imu_20260721_223610,dataset_a,BIBI,0,0.011309599503874779,0,1
LOSO,BIBI,XGBoost,B2_time_frequency,dataset_a:imu_20260721_223637,dataset_a,BIBI,0,0.011309599503874779,0,1
LOSO,BIBI,XGBoost,B2_time_frequency,dataset_a:imu_20260721_223912,dataset_a,BIBI,0,0.011309599503874779,0,1
LOSO,BIBI,XGBoost,B2_time_frequency,dataset_a:imu_20260721_223934,dataset_a,BIBI,0,0.011309599503874779,0,1
LOSO,BIBI,XGBoost,B2_time_frequency,dataset_a:imu_20260721_223956,dataset_a,BIBI,0,0.011309599503874779,0,1
LOSO,BIBI,XGBoost,B2_time_frequency,dataset_a:imu_20260721_224325,dataset_a,BIBI,0,0.011309599503874779,0,1
LOSO,BIBI,XGBoost,B2_time_frequency,dataset_a:imu_20260721_224347,dataset_a,BIBI,0,0.011309599503874779,0,1
LOSO,BIBI,XGBoost,B2_time_frequency,dataset_a:imu_20260721_224411,dataset_a,BIBI,0,0.015697835013270378,0,1
LOSO,BIBI,XGBoost,B2_time_frequency,dataset_a:imu_20260721_224433,dataset_a,BIBI,0,0.011309599503874779,0,1
LOSO,BIBI,XGBoost,B2_time_frequency,dataset_a:imu_20260721_224454,dataset_a,BIBI,0,0.011889236979186535,0,1
LOSO,BIBI,XGBoost,B2_time_frequency,dataset_a:imu_20260721_223440,dataset_a,BIBI,1,0.9883593320846558,1,1
LOSO,BIBI,XGBoost,B2_time_frequency,dataset_a:imu_20260721_223504,dataset_a,BIBI,1,0.9883593320846558,1,1
LOSO,BIBI,XGBoost,B2_time_frequency,dataset_a:imu_20260721_223730,dataset_a,BIBI,1,0.9883593320846558,1,1
LOSO,BIBI,XGBoost,B2_time_frequency,dataset_a:imu_20260721_223808,dataset_a,BIBI,1,0.9883593320846558,1,1
LOSO,BIBI,XGBoost,B2_time_frequency,dataset_a:imu_20260721_223840,dataset_a,BIBI,1,0.9883593320846558,1,1
LOSO,BIBI,XGBoost,B2_time_frequency,dataset_a:imu_20260721_224047,dataset_a,BIBI,1,0.9883593320846558,1,1
LOSO,BIBI,XGBoost,B2_time_frequency,dataset_a:imu_20260721_224120,dataset_a,BIBI,1,0.9883593320846558,1,1
LOSO,BIBI,XGBoost,B2_time_frequency,dataset_a:imu_20260721_224153,dataset_a,BIBI,1,0.9883593320846558,1,1
LOSO,BIBI,XGBoost,B2_time_frequency,dataset_a:imu_20260721_224224,dataset_a,BIBI,1,0.9883593320846558,1,1
LOSO,BIBI,XGBoost,B2_time_frequency,dataset_a:imu_20260721_224255,dataset_a,BIBI,1,0.9883593320846558,1,1
LOSO,anna,LightGBM,B1_time,dataset_b:anna_still_01,dataset_b,anna,0,0.0015165760999681325,0,1
LOSO,anna,LightGBM,B1_time,dataset_b:anna_still_02,dataset_b,anna,0,0.0015165760999681325,0,1
LOSO,anna,LightGBM,B1_time,dataset_b:anna_still_03,dataset_b,anna,0,0.0015165760999681325,0,1
LOSO,anna,LightGBM,B1_time,dataset_b:anna_still_04,dataset_b,anna,0,0.0015165760999681325,0,1
LOSO,anna,LightGBM,B1_time,dataset_b:anna_still_05,dataset_b,anna,0,0.0015165760999681325,0,1
LOSO,anna,LightGBM,B1_time,dataset_b:anna_still_06,dataset_b,anna,0,0.0015165760999681325,0,1
LOSO,anna,LightGBM,B1_time,dataset_b:anna_still_07,dataset_b,anna,0,0.0015165760999681325,0,1
LOSO,anna,LightGBM,B1_time,dataset_b:anna_still_08,dataset_b,anna,0,0.0015165760999681325,0,1
LOSO,anna,LightGBM,B1_time,dataset_b:anna_still_09,dataset_b,anna,0,0.0015165760999681325,0,1
LOSO,anna,LightGBM,B1_time,dataset_b:anna_still_10,dataset_b,anna,0,0.0015165760999681325,0,1
LOSO,anna,LightGBM,B1_time,dataset_b:anna_still_11,dataset_b,anna,0,0.0015165760999681325,0,1
LOSO,anna,LightGBM,B1_time,dataset_b:anna_still_12,dataset_b,anna,0,0.0015165760999681325,0,1
LOSO,anna,LightGBM,B1_time,dataset_b:anna_still_13,dataset_b,anna,0,0.0015165760999681325,0,1
LOSO,anna,LightGBM,B1_time,dataset_b:anna_still_14,dataset_b,anna,0,0.0015165760999681325,0,1
LOSO,anna,LightGBM,B1_time,dataset_b:anna_still_15,dataset_b,anna,0,0.0015165760999681325,0,1
LOSO,anna,LightGBM,B1_time,dataset_b:anna_still_16,dataset_b,anna,0,0.0015165760999681325,0,1
LOSO,anna,LightGBM,B1_time,dataset_b:anna_still_17,dataset_b,anna,0,0.0015165760999681325,0,1
LOSO,anna,LightGBM,B1_time,dataset_b:anna_still_18,dataset_b,anna,0,0.0015165760999681325,0,1
LOSO,anna,LightGBM,B1_time,dataset_b:anna_still_19,dataset_b,anna,0,0.0015165760999681325,0,1
LOSO,anna,LightGBM,B1_time,dataset_b:anna_still_20,dataset_b,anna,0,0.0015165760999681325,0,1
LOSO,anna,LightGBM,B1_time,dataset_b:anna_tremor_01,dataset_b,anna,1,0.9985023032959388,1,1
LOSO,anna,LightGBM,B1_time,dataset_b:anna_tremor_02,dataset_b,anna,1,0.9985023032959388,1,1
LOSO,anna,LightGBM,B1_time,dataset_b:anna_tremor_03,dataset_b,anna,1,0.9985023032959388,1,1
LOSO,anna,LightGBM,B1_time,dataset_b:anna_tremor_04,dataset_b,anna,1,0.9985023032959388,1,1
LOSO,anna,LightGBM,B1_time,dataset_b:anna_tremor_05,dataset_b,anna,1,0.9985023032959388,1,1
LOSO,anna,LightGBM,B1_time,dataset_b:anna_tremor_06,dataset_b,anna,1,0.9985023032959388,1,1
LOSO,anna,LightGBM,B1_time,dataset_b:anna_tremor_07,dataset_b,anna,1,0.9985023032959388,1,1
LOSO,anna,LightGBM,B1_time,dataset_b:anna_tremor_08,dataset_b,anna,1,0.9985023032959388,1,1
LOSO,anna,LightGBM,B1_time,dataset_b:anna_tremor_09,dataset_b,anna,1,0.9985023032959388,1,1
LOSO,anna,LightGBM,B1_time,dataset_b:anna_tremor_10,dataset_b,anna,1,0.9985023032959388,1,1
LOSO,anna,LightGBM,B1_time,dataset_b:anna_tremor_11,dataset_b,anna,1,0.9985023032959388,1,1
LOSO,anna,LightGBM,B1_time,dataset_b:anna_tremor_12,dataset_b,anna,1,0.9985023032959388,1,1
LOSO,anna,LightGBM,B1_time,dataset_b:anna_tremor_13,dataset_b,anna,1,0.9985023032959388,1,1
LOSO,anna,LightGBM,B1_time,dataset_b:anna_tremor_14,dataset_b,anna,1,0.9985023032959388,1,1
LOSO,anna,LightGBM,B1_time,dataset_b:anna_tremor_15,dataset_b,anna,1,0.9985023032959388,1,1
LOSO,anna,LightGBM,B1_time,dataset_b:anna_tremor_16,dataset_b,anna,1,0.9985023032959388,1,1
LOSO,anna,LightGBM,B1_time,dataset_b:anna_tremor_17,dataset_b,anna,1,0.9985023032959388,1,1
LOSO,anna,LightGBM,B1_time,dataset_b:anna_tremor_18,dataset_b,anna,1,0.9985023032959388,1,1
LOSO,anna,LightGBM,B1_time,dataset_b:anna_tremor_19,dataset_b,anna,1,0.9985023032959388,1,1
LOSO,anna,LightGBM,B1_time,dataset_b:anna_tremor_20,dataset_b,anna,1,0.9985023032959388,1,1
LOSO,anna,XGBoost,B1_time,dataset_b:anna_still_01,dataset_b,anna,0,0.012008453719317913,0,1
LOSO,anna,XGBoost,B1_time,dataset_b:anna_still_02,dataset_b,anna,0,0.012008453719317913,0,1
LOSO,anna,XGBoost,B1_time,dataset_b:anna_still_03,dataset_b,anna,0,0.012008453719317913,0,1
LOSO,anna,XGBoost,B1_time,dataset_b:anna_still_04,dataset_b,anna,0,0.012008453719317913,0,1
LOSO,anna,XGBoost,B1_time,dataset_b:anna_still_05,dataset_b,anna,0,0.01254952885210514,0,1
LOSO,anna,XGBoost,B1_time,dataset_b:anna_still_06,dataset_b,anna,0,0.012008453719317913,0,1
LOSO,anna,XGBoost,B1_time,dataset_b:anna_still_07,dataset_b,anna,0,0.012008453719317913,0,1
LOSO,anna,XGBoost,B1_time,dataset_b:anna_still_08,dataset_b,anna,0,0.018753649666905403,0,1
LOSO,anna,XGBoost,B1_time,dataset_b:anna_still_09,dataset_b,anna,0,0.012008453719317913,0,1
LOSO,anna,XGBoost,B1_time,dataset_b:anna_still_10,dataset_b,anna,0,0.012008453719317913,0,1
LOSO,anna,XGBoost,B1_time,dataset_b:anna_still_11,dataset_b,anna,0,0.012008453719317913,0,1
LOSO,anna,XGBoost,B1_time,dataset_b:anna_still_12,dataset_b,anna,0,0.012008453719317913,0,1
LOSO,anna,XGBoost,B1_time,dataset_b:anna_still_13,dataset_b,anna,0,0.012008453719317913,0,1
LOSO,anna,XGBoost,B1_time,dataset_b:anna_still_14,dataset_b,anna,0,0.012008453719317913,0,1
LOSO,anna,XGBoost,B1_time,dataset_b:anna_still_15,dataset_b,anna,0,0.012008453719317913,0,1
LOSO,anna,XGBoost,B1_time,dataset_b:anna_still_16,dataset_b,anna,0,0.013293225318193436,0,1
LOSO,anna,XGBoost,B1_time,dataset_b:anna_still_17,dataset_b,anna,0,0.012008453719317913,0,1
LOSO,anna,XGBoost,B1_time,dataset_b:anna_still_18,dataset_b,anna,0,0.013891374692320824,0,1
LOSO,anna,XGBoost,B1_time,dataset_b:anna_still_19,dataset_b,anna,0,0.013293225318193436,0,1
LOSO,anna,XGBoost,B1_time,dataset_b:anna_still_20,dataset_b,anna,0,0.012008453719317913,0,1
LOSO,anna,XGBoost,B1_time,dataset_b:anna_tremor_01,dataset_b,anna,1,0.9872625470161438,1,1
LOSO,anna,XGBoost,B1_time,dataset_b:anna_tremor_02,dataset_b,anna,1,0.9872625470161438,1,1
LOSO,anna,XGBoost,B1_time,dataset_b:anna_tremor_03,dataset_b,anna,1,0.9872625470161438,1,1
LOSO,anna,XGBoost,B1_time,dataset_b:anna_tremor_04,dataset_b,anna,1,0.9872625470161438,1,1
LOSO,anna,XGBoost,B1_time,dataset_b:anna_tremor_05,dataset_b,anna,1,0.9872625470161438,1,1
LOSO,anna,XGBoost,B1_time,dataset_b:anna_tremor_06,dataset_b,anna,1,0.9872625470161438,1,1
LOSO,anna,XGBoost,B1_time,dataset_b:anna_tremor_07,dataset_b,anna,1,0.9872625470161438,1,1
LOSO,anna,XGBoost,B1_time,dataset_b:anna_tremor_08,dataset_b,anna,1,0.9872625470161438,1,1
LOSO,anna,XGBoost,B1_time,dataset_b:anna_tremor_09,dataset_b,anna,1,0.9872625470161438,1,1
LOSO,anna,XGBoost,B1_time,dataset_b:anna_tremor_10,dataset_b,anna,1,0.9872625470161438,1,1
LOSO,anna,XGBoost,B1_time,dataset_b:anna_tremor_11,dataset_b,anna,1,0.9872625470161438,1,1
LOSO,anna,XGBoost,B1_time,dataset_b:anna_tremor_12,dataset_b,anna,1,0.986689031124115,1,1
LOSO,anna,XGBoost,B1_time,dataset_b:anna_tremor_13,dataset_b,anna,1,0.986689031124115,1,1
LOSO,anna,XGBoost,B1_time,dataset_b:anna_tremor_14,dataset_b,anna,1,0.9872625470161438,1,1
LOSO,anna,XGBoost,B1_time,dataset_b:anna_tremor_15,dataset_b,anna,1,0.986689031124115,1,1
LOSO,anna,XGBoost,B1_time,dataset_b:anna_tremor_16,dataset_b,anna,1,0.9872625470161438,1,1
LOSO,anna,XGBoost,B1_time,dataset_b:anna_tremor_17,dataset_b,anna,1,0.9872625470161438,1,1
LOSO,anna,XGBoost,B1_time,dataset_b:anna_tremor_18,dataset_b,anna,1,0.9872625470161438,1,1
LOSO,anna,XGBoost,B1_time,dataset_b:anna_tremor_19,dataset_b,anna,1,0.9872625470161438,1,1
LOSO,anna,XGBoost,B1_time,dataset_b:anna_tremor_20,dataset_b,anna,1,0.986689031124115,1,1
LOSO,anna,LightGBM,B2_time_frequency,dataset_b:anna_still_01,dataset_b,anna,0,0.0015165940196802533,0,1
LOSO,anna,LightGBM,B2_time_frequency,dataset_b:anna_still_02,dataset_b,anna,0,0.0015165940196802533,0,1
LOSO,anna,LightGBM,B2_time_frequency,dataset_b:anna_still_03,dataset_b,anna,0,0.0015165940196802533,0,1
LOSO,anna,LightGBM,B2_time_frequency,dataset_b:anna_still_04,dataset_b,anna,0,0.0015165940196802533,0,1
LOSO,anna,LightGBM,B2_time_frequency,dataset_b:anna_still_05,dataset_b,anna,0,0.0015165940196802533,0,1
LOSO,anna,LightGBM,B2_time_frequency,dataset_b:anna_still_06,dataset_b,anna,0,0.0015165940196802533,0,1
LOSO,anna,LightGBM,B2_time_frequency,dataset_b:anna_still_07,dataset_b,anna,0,0.0015165940196802533,0,1
LOSO,anna,LightGBM,B2_time_frequency,dataset_b:anna_still_08,dataset_b,anna,0,0.0015165940196802533,0,1
LOSO,anna,LightGBM,B2_time_frequency,dataset_b:anna_still_09,dataset_b,anna,0,0.0015165940196802533,0,1
LOSO,anna,LightGBM,B2_time_frequency,dataset_b:anna_still_10,dataset_b,anna,0,0.0015165940196802533,0,1
LOSO,anna,LightGBM,B2_time_frequency,dataset_b:anna_still_11,dataset_b,anna,0,0.0015165940196802533,0,1
LOSO,anna,LightGBM,B2_time_frequency,dataset_b:anna_still_12,dataset_b,anna,0,0.0015165940196802533,0,1
LOSO,anna,LightGBM,B2_time_frequency,dataset_b:anna_still_13,dataset_b,anna,0,0.0015165940196802533,0,1
LOSO,anna,LightGBM,B2_time_frequency,dataset_b:anna_still_14,dataset_b,anna,0,0.0015165940196802533,0,1
LOSO,anna,LightGBM,B2_time_frequency,dataset_b:anna_still_15,dataset_b,anna,0,0.0015165940196802533,0,1
LOSO,anna,LightGBM,B2_time_frequency,dataset_b:anna_still_16,dataset_b,anna,0,0.0015165940196802533,0,1
LOSO,anna,LightGBM,B2_time_frequency,dataset_b:anna_still_17,dataset_b,anna,0,0.0015165940196802533,0,1
LOSO,anna,LightGBM,B2_time_frequency,dataset_b:anna_still_18,dataset_b,anna,0,0.0015165940196802533,0,1
LOSO,anna,LightGBM,B2_time_frequency,dataset_b:anna_still_19,dataset_b,anna,0,0.0015165940196802533,0,1
LOSO,anna,LightGBM,B2_time_frequency,dataset_b:anna_still_20,dataset_b,anna,0,0.0015165940196802533,0,1
LOSO,anna,LightGBM,B2_time_frequency,dataset_b:anna_tremor_01,dataset_b,anna,1,0.9985030646219855,1,1
LOSO,anna,LightGBM,B2_time_frequency,dataset_b:anna_tremor_02,dataset_b,anna,1,0.9985030646219855,1,1
LOSO,anna,LightGBM,B2_time_frequency,dataset_b:anna_tremor_03,dataset_b,anna,1,0.9985030646219855,1,1
LOSO,anna,LightGBM,B2_time_frequency,dataset_b:anna_tremor_04,dataset_b,anna,1,0.9985030646219855,1,1
LOSO,anna,LightGBM,B2_time_frequency,dataset_b:anna_tremor_05,dataset_b,anna,1,0.9985030646219855,1,1
LOSO,anna,LightGBM,B2_time_frequency,dataset_b:anna_tremor_06,dataset_b,anna,1,0.9985030646219855,1,1
LOSO,anna,LightGBM,B2_time_frequency,dataset_b:anna_tremor_07,dataset_b,anna,1,0.9985030646219855,1,1
LOSO,anna,LightGBM,B2_time_frequency,dataset_b:anna_tremor_08,dataset_b,anna,1,0.9985030646219855,1,1
LOSO,anna,LightGBM,B2_time_frequency,dataset_b:anna_tremor_09,dataset_b,anna,1,0.9985030646219855,1,1
LOSO,anna,LightGBM,B2_time_frequency,dataset_b:anna_tremor_10,dataset_b,anna,1,0.9985030646219855,1,1
LOSO,anna,LightGBM,B2_time_frequency,dataset_b:anna_tremor_11,dataset_b,anna,1,0.9985030646219855,1,1
LOSO,anna,LightGBM,B2_time_frequency,dataset_b:anna_tremor_12,dataset_b,anna,1,0.9985030646219855,1,1
LOSO,anna,LightGBM,B2_time_frequency,dataset_b:anna_tremor_13,dataset_b,anna,1,0.9985030646219855,1,1
LOSO,anna,LightGBM,B2_time_frequency,dataset_b:anna_tremor_14,dataset_b,anna,1,0.9985030646219855,1,1
LOSO,anna,LightGBM,B2_time_frequency,dataset_b:anna_tremor_15,dataset_b,anna,1,0.9985030646219855,1,1
LOSO,anna,LightGBM,B2_time_frequency,dataset_b:anna_tremor_16,dataset_b,anna,1,0.9985030646219855,1,1
LOSO,anna,LightGBM,B2_time_frequency,dataset_b:anna_tremor_17,dataset_b,anna,1,0.9985030646219855,1,1
LOSO,anna,LightGBM,B2_time_frequency,dataset_b:anna_tremor_18,dataset_b,anna,1,0.9985030646219855,1,1
LOSO,anna,LightGBM,B2_time_frequency,dataset_b:anna_tremor_19,dataset_b,anna,1,0.9985030646219855,1,1
LOSO,anna,LightGBM,B2_time_frequency,dataset_b:anna_tremor_20,dataset_b,anna,1,0.9985030646219855,1,1
LOSO,anna,XGBoost,B2_time_frequency,dataset_b:anna_still_01,dataset_b,anna,0,0.012011921964585781,0,1
LOSO,anna,XGBoost,B2_time_frequency,dataset_b:anna_still_02,dataset_b,anna,0,0.012011921964585781,0,1
LOSO,anna,XGBoost,B2_time_frequency,dataset_b:anna_still_03,dataset_b,anna,0,0.012011921964585781,0,1
LOSO,anna,XGBoost,B2_time_frequency,dataset_b:anna_still_04,dataset_b,anna,0,0.012011921964585781,0,1
LOSO,anna,XGBoost,B2_time_frequency,dataset_b:anna_still_05,dataset_b,anna,0,0.012011921964585781,0,1
LOSO,anna,XGBoost,B2_time_frequency,dataset_b:anna_still_06,dataset_b,anna,0,0.012011921964585781,0,1
LOSO,anna,XGBoost,B2_time_frequency,dataset_b:anna_still_07,dataset_b,anna,0,0.012011921964585781,0,1
LOSO,anna,XGBoost,B2_time_frequency,dataset_b:anna_still_08,dataset_b,anna,0,0.01860245317220688,0,1
LOSO,anna,XGBoost,B2_time_frequency,dataset_b:anna_still_09,dataset_b,anna,0,0.012011921964585781,0,1
LOSO,anna,XGBoost,B2_time_frequency,dataset_b:anna_still_10,dataset_b,anna,0,0.012011921964585781,0,1
LOSO,anna,XGBoost,B2_time_frequency,dataset_b:anna_still_11,dataset_b,anna,0,0.012011921964585781,0,1
LOSO,anna,XGBoost,B2_time_frequency,dataset_b:anna_still_12,dataset_b,anna,0,0.012011921964585781,0,1
LOSO,anna,XGBoost,B2_time_frequency,dataset_b:anna_still_13,dataset_b,anna,0,0.012011921964585781,0,1
LOSO,anna,XGBoost,B2_time_frequency,dataset_b:anna_still_14,dataset_b,anna,0,0.012011921964585781,0,1
LOSO,anna,XGBoost,B2_time_frequency,dataset_b:anna_still_15,dataset_b,anna,0,0.012011921964585781,0,1
LOSO,anna,XGBoost,B2_time_frequency,dataset_b:anna_still_16,dataset_b,anna,0,0.013297189958393574,0,1
LOSO,anna,XGBoost,B2_time_frequency,dataset_b:anna_still_17,dataset_b,anna,0,0.012011921964585781,0,1
LOSO,anna,XGBoost,B2_time_frequency,dataset_b:anna_still_18,dataset_b,anna,0,0.013297189958393574,0,1
LOSO,anna,XGBoost,B2_time_frequency,dataset_b:anna_still_19,dataset_b,anna,0,0.013297189958393574,0,1
LOSO,anna,XGBoost,B2_time_frequency,dataset_b:anna_still_20,dataset_b,anna,0,0.012011921964585781,0,1
LOSO,anna,XGBoost,B2_time_frequency,dataset_b:anna_tremor_01,dataset_b,anna,1,0.987316370010376,1,1
LOSO,anna,XGBoost,B2_time_frequency,dataset_b:anna_tremor_02,dataset_b,anna,1,0.987316370010376,1,1
LOSO,anna,XGBoost,B2_time_frequency,dataset_b:anna_tremor_03,dataset_b,anna,1,0.987316370010376,1,1
LOSO,anna,XGBoost,B2_time_frequency,dataset_b:anna_tremor_04,dataset_b,anna,1,0.987316370010376,1,1
LOSO,anna,XGBoost,B2_time_frequency,dataset_b:anna_tremor_05,dataset_b,anna,1,0.987316370010376,1,1
LOSO,anna,XGBoost,B2_time_frequency,dataset_b:anna_tremor_06,dataset_b,anna,1,0.987316370010376,1,1
LOSO,anna,XGBoost,B2_time_frequency,dataset_b:anna_tremor_07,dataset_b,anna,1,0.987316370010376,1,1
LOSO,anna,XGBoost,B2_time_frequency,dataset_b:anna_tremor_08,dataset_b,anna,1,0.987316370010376,1,1
LOSO,anna,XGBoost,B2_time_frequency,dataset_b:anna_tremor_09,dataset_b,anna,1,0.987316370010376,1,1
LOSO,anna,XGBoost,B2_time_frequency,dataset_b:anna_tremor_10,dataset_b,anna,1,0.987316370010376,1,1
LOSO,anna,XGBoost,B2_time_frequency,dataset_b:anna_tremor_11,dataset_b,anna,1,0.987316370010376,1,1
LOSO,anna,XGBoost,B2_time_frequency,dataset_b:anna_tremor_12,dataset_b,anna,1,0.987316370010376,1,1
LOSO,anna,XGBoost,B2_time_frequency,dataset_b:anna_tremor_13,dataset_b,anna,1,0.987316370010376,1,1
LOSO,anna,XGBoost,B2_time_frequency,dataset_b:anna_tremor_14,dataset_b,anna,1,0.987316370010376,1,1
LOSO,anna,XGBoost,B2_time_frequency,dataset_b:anna_tremor_15,dataset_b,anna,1,0.987316370010376,1,1
LOSO,anna,XGBoost,B2_time_frequency,dataset_b:anna_tremor_16,dataset_b,anna,1,0.987316370010376,1,1
LOSO,anna,XGBoost,B2_time_frequency,dataset_b:anna_tremor_17,dataset_b,anna,1,0.987316370010376,1,1
LOSO,anna,XGBoost,B2_time_frequency,dataset_b:anna_tremor_18,dataset_b,anna,1,0.987316370010376,1,1
LOSO,anna,XGBoost,B2_time_frequency,dataset_b:anna_tremor_19,dataset_b,anna,1,0.987316370010376,1,1
LOSO,anna,XGBoost,B2_time_frequency,dataset_b:anna_tremor_20,dataset_b,anna,1,0.987316370010376,1,1
LOSO,euno,LightGBM,B1_time,dataset_a:imu_20260721_203653,dataset_a,euno,0,0.0011867577726596122,0,1
LOSO,euno,LightGBM,B1_time,dataset_a:imu_20260721_203715,dataset_a,euno,0,0.0011867577726596122,0,1
LOSO,euno,LightGBM,B1_time,dataset_a:imu_20260721_203739,dataset_a,euno,0,0.0011867577726596122,0,1
LOSO,euno,LightGBM,B1_time,dataset_a:imu_20260721_203800,dataset_a,euno,0,0.0011508736534121408,0,1
LOSO,euno,LightGBM,B1_time,dataset_a:imu_20260721_203825,dataset_a,euno,0,0.0011867577726596122,0,1
LOSO,euno,LightGBM,B1_time,dataset_a:imu_20260721_204013,dataset_a,euno,0,0.0011455469904174357,0,1
LOSO,euno,LightGBM,B1_time,dataset_a:imu_20260721_220136,dataset_a,euno,0,0.0011362084402648544,0,1
LOSO,euno,LightGBM,B1_time,dataset_a:imu_20260721_220201,dataset_a,euno,0,0.0016249689225457152,0,1
LOSO,euno,LightGBM,B1_time,dataset_a:imu_20260721_220237,dataset_a,euno,0,0.0016325211994211873,0,1
LOSO,euno,LightGBM,B1_time,dataset_a:imu_20260721_220259,dataset_a,euno,0,0.0016833977284788925,0,1
LOSO,euno,LightGBM,B1_time,dataset_a:imu_20260721_220322,dataset_a,euno,0,0.0011867577726596122,0,1
LOSO,euno,LightGBM,B1_time,dataset_a:imu_20260721_220347,dataset_a,euno,0,0.0011867577726596122,0,1
LOSO,euno,LightGBM,B1_time,dataset_a:imu_20260721_220409,dataset_a,euno,0,0.0011867577726596122,0,1
LOSO,euno,LightGBM,B1_time,dataset_a:imu_20260721_221129,dataset_a,euno,0,0.0016117284097144594,0,1
LOSO,euno,LightGBM,B1_time,dataset_a:imu_20260721_221151,dataset_a,euno,0,0.0011867577726596122,0,1
LOSO,euno,LightGBM,B1_time,dataset_a:imu_20260721_221214,dataset_a,euno,0,0.0016756104845136461,0,1
LOSO,euno,LightGBM,B1_time,dataset_a:imu_20260721_221235,dataset_a,euno,0,0.0011508736534121408,0,1
LOSO,euno,LightGBM,B1_time,dataset_a:imu_20260721_221256,dataset_a,euno,0,0.0011867577726596122,0,1
LOSO,euno,LightGBM,B1_time,dataset_a:imu_20260721_221318,dataset_a,euno,0,0.0011867577726596122,0,1
LOSO,euno,LightGBM,B1_time,dataset_a:imu_20260721_221339,dataset_a,euno,0,0.0016249689225457152,0,1
LOSO,euno,LightGBM,B1_time,dataset_a:imu_20260721_221400,dataset_a,euno,0,0.0011508736534121408,0,1
LOSO,euno,LightGBM,B1_time,dataset_a:imu_20260721_221433,dataset_a,euno,0,0.0011455469904174357,0,1
LOSO,euno,LightGBM,B1_time,dataset_a:imu_20260721_221455,dataset_a,euno,0,0.0016117284097144594,0,1
LOSO,euno,LightGBM,B1_time,dataset_a:imu_20260721_221516,dataset_a,euno,0,0.0016249689225457152,0,1
LOSO,euno,LightGBM,B1_time,dataset_a:imu_20260721_221704,dataset_a,euno,0,0.0011508736534121408,0,1
LOSO,euno,LightGBM,B1_time,dataset_a:imu_20260721_203056,dataset_a,euno,1,0.9987673899375715,1,1
LOSO,euno,LightGBM,B1_time,dataset_a:imu_20260721_203128,dataset_a,euno,1,0.9987673899375715,1,1
LOSO,euno,LightGBM,B1_time,dataset_a:imu_20260721_203200,dataset_a,euno,1,0.9987673899375715,1,1
LOSO,euno,LightGBM,B1_time,dataset_a:imu_20260721_203245,dataset_a,euno,1,0.9987673899375715,1,1
LOSO,euno,LightGBM,B1_time,dataset_a:imu_20260721_203312,dataset_a,euno,1,0.9987673899375715,1,1
LOSO,euno,LightGBM,B1_time,dataset_a:imu_20260721_203346,dataset_a,euno,1,0.9987673899375715,1,1
LOSO,euno,LightGBM,B1_time,dataset_a:imu_20260721_203417,dataset_a,euno,1,0.9987673899375715,1,1
LOSO,euno,LightGBM,B1_time,dataset_a:imu_20260721_203445,dataset_a,euno,1,0.9987673899375715,1,1
LOSO,euno,LightGBM,B1_time,dataset_a:imu_20260721_203519,dataset_a,euno,1,0.9987673899375715,1,1
LOSO,euno,LightGBM,B1_time,dataset_a:imu_20260721_203543,dataset_a,euno,1,0.9987673899375715,1,1
LOSO,euno,LightGBM,B1_time,dataset_a:imu_20260721_203606,dataset_a,euno,1,0.9987673899375715,1,1
LOSO,euno,LightGBM,B1_time,dataset_a:imu_20260721_215110,dataset_a,euno,1,0.9987673899375715,1,1
LOSO,euno,LightGBM,B1_time,dataset_a:imu_20260721_215133,dataset_a,euno,1,0.9987673899375715,1,1
LOSO,euno,LightGBM,B1_time,dataset_a:imu_20260721_215223,dataset_a,euno,1,0.9987673899375715,1,1
LOSO,euno,LightGBM,B1_time,dataset_a:imu_20260721_215726,dataset_a,euno,1,0.9987673899375715,1,1
LOSO,euno,LightGBM,B1_time,dataset_a:imu_20260721_215749,dataset_a,euno,1,0.9987673899375715,1,1
LOSO,euno,LightGBM,B1_time,dataset_a:imu_20260721_215828,dataset_a,euno,1,0.9987673899375715,1,1
LOSO,euno,LightGBM,B1_time,dataset_a:imu_20260721_215941,dataset_a,euno,1,0.9987673899375715,1,1
LOSO,euno,LightGBM,B1_time,dataset_a:imu_20260721_220015,dataset_a,euno,1,0.9987673899375715,1,1
LOSO,euno,LightGBM,B1_time,dataset_a:imu_20260721_220049,dataset_a,euno,1,0.9987673899375715,1,1
LOSO,euno,LightGBM,B1_time,dataset_a:imu_20260721_220445,dataset_a,euno,1,0.9987673899375715,1,1
LOSO,euno,LightGBM,B1_time,dataset_a:imu_20260721_220513,dataset_a,euno,1,0.9987673899375715,1,1
LOSO,euno,LightGBM,B1_time,dataset_a:imu_20260721_220956,dataset_a,euno,1,0.9987673899375715,1,1
LOSO,euno,LightGBM,B1_time,dataset_a:imu_20260721_221020,dataset_a,euno,1,0.9987673899375715,1,1
LOSO,euno,LightGBM,B1_time,dataset_a:imu_20260721_221056,dataset_a,euno,1,0.9987673899375715,1,1
LOSO,euno,XGBoost,B1_time,dataset_a:imu_20260721_203653,dataset_a,euno,0,0.012679118663072586,0,1
LOSO,euno,XGBoost,B1_time,dataset_a:imu_20260721_203715,dataset_a,euno,0,0.012679118663072586,0,1
LOSO,euno,XGBoost,B1_time,dataset_a:imu_20260721_203739,dataset_a,euno,0,0.012679118663072586,0,1
LOSO,euno,XGBoost,B1_time,dataset_a:imu_20260721_203800,dataset_a,euno,0,0.012679118663072586,0,1
LOSO,euno,XGBoost,B1_time,dataset_a:imu_20260721_203825,dataset_a,euno,0,0.012679118663072586,0,1
LOSO,euno,XGBoost,B1_time,dataset_a:imu_20260721_204013,dataset_a,euno,0,0.012679118663072586,0,1
LOSO,euno,XGBoost,B1_time,dataset_a:imu_20260721_220136,dataset_a,euno,0,0.012679118663072586,0,1
LOSO,euno,XGBoost,B1_time,dataset_a:imu_20260721_220201,dataset_a,euno,0,0.012679118663072586,0,1
LOSO,euno,XGBoost,B1_time,dataset_a:imu_20260721_220237,dataset_a,euno,0,0.012679118663072586,0,1
LOSO,euno,XGBoost,B1_time,dataset_a:imu_20260721_220259,dataset_a,euno,0,0.012679118663072586,0,1
LOSO,euno,XGBoost,B1_time,dataset_a:imu_20260721_220322,dataset_a,euno,0,0.012679118663072586,0,1
LOSO,euno,XGBoost,B1_time,dataset_a:imu_20260721_220347,dataset_a,euno,0,0.012679118663072586,0,1
LOSO,euno,XGBoost,B1_time,dataset_a:imu_20260721_220409,dataset_a,euno,0,0.012679118663072586,0,1
LOSO,euno,XGBoost,B1_time,dataset_a:imu_20260721_221129,dataset_a,euno,0,0.012679118663072586,0,1
LOSO,euno,XGBoost,B1_time,dataset_a:imu_20260721_221151,dataset_a,euno,0,0.012679118663072586,0,1
LOSO,euno,XGBoost,B1_time,dataset_a:imu_20260721_221214,dataset_a,euno,0,0.012679118663072586,0,1
LOSO,euno,XGBoost,B1_time,dataset_a:imu_20260721_221235,dataset_a,euno,0,0.012679118663072586,0,1
LOSO,euno,XGBoost,B1_time,dataset_a:imu_20260721_221256,dataset_a,euno,0,0.012679118663072586,0,1
LOSO,euno,XGBoost,B1_time,dataset_a:imu_20260721_221318,dataset_a,euno,0,0.012679118663072586,0,1
LOSO,euno,XGBoost,B1_time,dataset_a:imu_20260721_221339,dataset_a,euno,0,0.012679118663072586,0,1
LOSO,euno,XGBoost,B1_time,dataset_a:imu_20260721_221400,dataset_a,euno,0,0.012679118663072586,0,1
LOSO,euno,XGBoost,B1_time,dataset_a:imu_20260721_221433,dataset_a,euno,0,0.012679118663072586,0,1
LOSO,euno,XGBoost,B1_time,dataset_a:imu_20260721_221455,dataset_a,euno,0,0.012679118663072586,0,1
LOSO,euno,XGBoost,B1_time,dataset_a:imu_20260721_221516,dataset_a,euno,0,0.012679118663072586,0,1
LOSO,euno,XGBoost,B1_time,dataset_a:imu_20260721_221704,dataset_a,euno,0,0.012679118663072586,0,1
LOSO,euno,XGBoost,B1_time,dataset_a:imu_20260721_203056,dataset_a,euno,1,0.9865690469741821,1,1
LOSO,euno,XGBoost,B1_time,dataset_a:imu_20260721_203128,dataset_a,euno,1,0.9865690469741821,1,1
LOSO,euno,XGBoost,B1_time,dataset_a:imu_20260721_203200,dataset_a,euno,1,0.9865690469741821,1,1
LOSO,euno,XGBoost,B1_time,dataset_a:imu_20260721_203245,dataset_a,euno,1,0.9865690469741821,1,1
LOSO,euno,XGBoost,B1_time,dataset_a:imu_20260721_203312,dataset_a,euno,1,0.9865690469741821,1,1
LOSO,euno,XGBoost,B1_time,dataset_a:imu_20260721_203346,dataset_a,euno,1,0.9865690469741821,1,1
LOSO,euno,XGBoost,B1_time,dataset_a:imu_20260721_203417,dataset_a,euno,1,0.9865690469741821,1,1
LOSO,euno,XGBoost,B1_time,dataset_a:imu_20260721_203445,dataset_a,euno,1,0.9865690469741821,1,1
LOSO,euno,XGBoost,B1_time,dataset_a:imu_20260721_203519,dataset_a,euno,1,0.9865690469741821,1,1
LOSO,euno,XGBoost,B1_time,dataset_a:imu_20260721_203543,dataset_a,euno,1,0.9865690469741821,1,1
LOSO,euno,XGBoost,B1_time,dataset_a:imu_20260721_203606,dataset_a,euno,1,0.9865690469741821,1,1
LOSO,euno,XGBoost,B1_time,dataset_a:imu_20260721_215110,dataset_a,euno,1,0.9865690469741821,1,1
LOSO,euno,XGBoost,B1_time,dataset_a:imu_20260721_215133,dataset_a,euno,1,0.9865690469741821,1,1
LOSO,euno,XGBoost,B1_time,dataset_a:imu_20260721_215223,dataset_a,euno,1,0.9865690469741821,1,1
LOSO,euno,XGBoost,B1_time,dataset_a:imu_20260721_215726,dataset_a,euno,1,0.9865690469741821,1,1
LOSO,euno,XGBoost,B1_time,dataset_a:imu_20260721_215749,dataset_a,euno,1,0.9865690469741821,1,1
LOSO,euno,XGBoost,B1_time,dataset_a:imu_20260721_215828,dataset_a,euno,1,0.9865690469741821,1,1
LOSO,euno,XGBoost,B1_time,dataset_a:imu_20260721_215941,dataset_a,euno,1,0.9865690469741821,1,1
LOSO,euno,XGBoost,B1_time,dataset_a:imu_20260721_220015,dataset_a,euno,1,0.9865690469741821,1,1
LOSO,euno,XGBoost,B1_time,dataset_a:imu_20260721_220049,dataset_a,euno,1,0.9865690469741821,1,1
LOSO,euno,XGBoost,B1_time,dataset_a:imu_20260721_220445,dataset_a,euno,1,0.9865690469741821,1,1
LOSO,euno,XGBoost,B1_time,dataset_a:imu_20260721_220513,dataset_a,euno,1,0.9865690469741821,1,1
LOSO,euno,XGBoost,B1_time,dataset_a:imu_20260721_220956,dataset_a,euno,1,0.9865690469741821,1,1
LOSO,euno,XGBoost,B1_time,dataset_a:imu_20260721_221020,dataset_a,euno,1,0.9865690469741821,1,1
LOSO,euno,XGBoost,B1_time,dataset_a:imu_20260721_221056,dataset_a,euno,1,0.9865690469741821,1,1
LOSO,euno,LightGBM,B2_time_frequency,dataset_a:imu_20260721_203653,dataset_a,euno,0,0.0015167138340553916,0,1
LOSO,euno,LightGBM,B2_time_frequency,dataset_a:imu_20260721_203715,dataset_a,euno,0,0.0015167138340553916,0,1
LOSO,euno,LightGBM,B2_time_frequency,dataset_a:imu_20260721_203739,dataset_a,euno,0,0.0015167138340553916,0,1
LOSO,euno,LightGBM,B2_time_frequency,dataset_a:imu_20260721_203800,dataset_a,euno,0,0.0015167138340553916,0,1
LOSO,euno,LightGBM,B2_time_frequency,dataset_a:imu_20260721_203825,dataset_a,euno,0,0.0015167138340553916,0,1
LOSO,euno,LightGBM,B2_time_frequency,dataset_a:imu_20260721_204013,dataset_a,euno,0,0.0015167138340553916,0,1
LOSO,euno,LightGBM,B2_time_frequency,dataset_a:imu_20260721_220136,dataset_a,euno,0,0.0015167138340553916,0,1
LOSO,euno,LightGBM,B2_time_frequency,dataset_a:imu_20260721_220201,dataset_a,euno,0,0.0015167138340553916,0,1
LOSO,euno,LightGBM,B2_time_frequency,dataset_a:imu_20260721_220237,dataset_a,euno,0,0.0015167138340553916,0,1
LOSO,euno,LightGBM,B2_time_frequency,dataset_a:imu_20260721_220259,dataset_a,euno,0,0.0015167138340553916,0,1
LOSO,euno,LightGBM,B2_time_frequency,dataset_a:imu_20260721_220322,dataset_a,euno,0,0.0015167138340553916,0,1
LOSO,euno,LightGBM,B2_time_frequency,dataset_a:imu_20260721_220347,dataset_a,euno,0,0.0015167138340553916,0,1
LOSO,euno,LightGBM,B2_time_frequency,dataset_a:imu_20260721_220409,dataset_a,euno,0,0.0015167138340553916,0,1
LOSO,euno,LightGBM,B2_time_frequency,dataset_a:imu_20260721_221129,dataset_a,euno,0,0.0015167138340553916,0,1
LOSO,euno,LightGBM,B2_time_frequency,dataset_a:imu_20260721_221151,dataset_a,euno,0,0.0015167138340553916,0,1
LOSO,euno,LightGBM,B2_time_frequency,dataset_a:imu_20260721_221214,dataset_a,euno,0,0.0015167138340553916,0,1
LOSO,euno,LightGBM,B2_time_frequency,dataset_a:imu_20260721_221235,dataset_a,euno,0,0.0015167138340553916,0,1
LOSO,euno,LightGBM,B2_time_frequency,dataset_a:imu_20260721_221256,dataset_a,euno,0,0.0015167138340553916,0,1
LOSO,euno,LightGBM,B2_time_frequency,dataset_a:imu_20260721_221318,dataset_a,euno,0,0.0015167138340553916,0,1
LOSO,euno,LightGBM,B2_time_frequency,dataset_a:imu_20260721_221339,dataset_a,euno,0,0.0015167138340553916,0,1
LOSO,euno,LightGBM,B2_time_frequency,dataset_a:imu_20260721_221400,dataset_a,euno,0,0.0015167138340553916,0,1
LOSO,euno,LightGBM,B2_time_frequency,dataset_a:imu_20260721_221433,dataset_a,euno,0,0.0015167138340553916,0,1
LOSO,euno,LightGBM,B2_time_frequency,dataset_a:imu_20260721_221455,dataset_a,euno,0,0.0015167138340553916,0,1
LOSO,euno,LightGBM,B2_time_frequency,dataset_a:imu_20260721_221516,dataset_a,euno,0,0.0015167138340553916,0,1
LOSO,euno,LightGBM,B2_time_frequency,dataset_a:imu_20260721_221704,dataset_a,euno,0,0.0015167138340553916,0,1
LOSO,euno,LightGBM,B2_time_frequency,dataset_a:imu_20260721_203056,dataset_a,euno,1,0.9984247770725313,1,1
LOSO,euno,LightGBM,B2_time_frequency,dataset_a:imu_20260721_203128,dataset_a,euno,1,0.9984247770725313,1,1
LOSO,euno,LightGBM,B2_time_frequency,dataset_a:imu_20260721_203200,dataset_a,euno,1,0.9984247770725313,1,1
LOSO,euno,LightGBM,B2_time_frequency,dataset_a:imu_20260721_203245,dataset_a,euno,1,0.9984247770725313,1,1
LOSO,euno,LightGBM,B2_time_frequency,dataset_a:imu_20260721_203312,dataset_a,euno,1,0.9984247770725313,1,1
LOSO,euno,LightGBM,B2_time_frequency,dataset_a:imu_20260721_203346,dataset_a,euno,1,0.9984247770725313,1,1
LOSO,euno,LightGBM,B2_time_frequency,dataset_a:imu_20260721_203417,dataset_a,euno,1,0.9984247770725313,1,1
LOSO,euno,LightGBM,B2_time_frequency,dataset_a:imu_20260721_203445,dataset_a,euno,1,0.9984247770725313,1,1
LOSO,euno,LightGBM,B2_time_frequency,dataset_a:imu_20260721_203519,dataset_a,euno,1,0.9984247770725313,1,1
LOSO,euno,LightGBM,B2_time_frequency,dataset_a:imu_20260721_203543,dataset_a,euno,1,0.9984247770725313,1,1
LOSO,euno,LightGBM,B2_time_frequency,dataset_a:imu_20260721_203606,dataset_a,euno,1,0.9984247770725313,1,1
LOSO,euno,LightGBM,B2_time_frequency,dataset_a:imu_20260721_215110,dataset_a,euno,1,0.9984247770725313,1,1
LOSO,euno,LightGBM,B2_time_frequency,dataset_a:imu_20260721_215133,dataset_a,euno,1,0.9984247770725313,1,1
LOSO,euno,LightGBM,B2_time_frequency,dataset_a:imu_20260721_215223,dataset_a,euno,1,0.9984247770725313,1,1
LOSO,euno,LightGBM,B2_time_frequency,dataset_a:imu_20260721_215726,dataset_a,euno,1,0.9984247770725313,1,1
LOSO,euno,LightGBM,B2_time_frequency,dataset_a:imu_20260721_215749,dataset_a,euno,1,0.9984247770725313,1,1
LOSO,euno,LightGBM,B2_time_frequency,dataset_a:imu_20260721_215828,dataset_a,euno,1,0.9984247770725313,1,1
LOSO,euno,LightGBM,B2_time_frequency,dataset_a:imu_20260721_215941,dataset_a,euno,1,0.9984247770725313,1,1
LOSO,euno,LightGBM,B2_time_frequency,dataset_a:imu_20260721_220015,dataset_a,euno,1,0.9984247770725313,1,1
LOSO,euno,LightGBM,B2_time_frequency,dataset_a:imu_20260721_220049,dataset_a,euno,1,0.9984247770725313,1,1
LOSO,euno,LightGBM,B2_time_frequency,dataset_a:imu_20260721_220445,dataset_a,euno,1,0.9984247770725313,1,1
LOSO,euno,LightGBM,B2_time_frequency,dataset_a:imu_20260721_220513,dataset_a,euno,1,0.9984247770725313,1,1
LOSO,euno,LightGBM,B2_time_frequency,dataset_a:imu_20260721_220956,dataset_a,euno,1,0.9984247770725313,1,1
LOSO,euno,LightGBM,B2_time_frequency,dataset_a:imu_20260721_221020,dataset_a,euno,1,0.9984247770725313,1,1
LOSO,euno,LightGBM,B2_time_frequency,dataset_a:imu_20260721_221056,dataset_a,euno,1,0.9984247770725313,1,1
LOSO,euno,XGBoost,B2_time_frequency,dataset_a:imu_20260721_203653,dataset_a,euno,0,0.01264154352247715,0,1
LOSO,euno,XGBoost,B2_time_frequency,dataset_a:imu_20260721_203715,dataset_a,euno,0,0.01264154352247715,0,1
LOSO,euno,XGBoost,B2_time_frequency,dataset_a:imu_20260721_203739,dataset_a,euno,0,0.01264154352247715,0,1
LOSO,euno,XGBoost,B2_time_frequency,dataset_a:imu_20260721_203800,dataset_a,euno,0,0.01264154352247715,0,1
LOSO,euno,XGBoost,B2_time_frequency,dataset_a:imu_20260721_203825,dataset_a,euno,0,0.01264154352247715,0,1
LOSO,euno,XGBoost,B2_time_frequency,dataset_a:imu_20260721_204013,dataset_a,euno,0,0.01264154352247715,0,1
LOSO,euno,XGBoost,B2_time_frequency,dataset_a:imu_20260721_220136,dataset_a,euno,0,0.01264154352247715,0,1
LOSO,euno,XGBoost,B2_time_frequency,dataset_a:imu_20260721_220201,dataset_a,euno,0,0.01264154352247715,0,1
LOSO,euno,XGBoost,B2_time_frequency,dataset_a:imu_20260721_220237,dataset_a,euno,0,0.01264154352247715,0,1
LOSO,euno,XGBoost,B2_time_frequency,dataset_a:imu_20260721_220259,dataset_a,euno,0,0.01264154352247715,0,1
LOSO,euno,XGBoost,B2_time_frequency,dataset_a:imu_20260721_220322,dataset_a,euno,0,0.01264154352247715,0,1
LOSO,euno,XGBoost,B2_time_frequency,dataset_a:imu_20260721_220347,dataset_a,euno,0,0.01264154352247715,0,1
LOSO,euno,XGBoost,B2_time_frequency,dataset_a:imu_20260721_220409,dataset_a,euno,0,0.01264154352247715,0,1
LOSO,euno,XGBoost,B2_time_frequency,dataset_a:imu_20260721_221129,dataset_a,euno,0,0.01264154352247715,0,1
LOSO,euno,XGBoost,B2_time_frequency,dataset_a:imu_20260721_221151,dataset_a,euno,0,0.01264154352247715,0,1
LOSO,euno,XGBoost,B2_time_frequency,dataset_a:imu_20260721_221214,dataset_a,euno,0,0.01264154352247715,0,1
LOSO,euno,XGBoost,B2_time_frequency,dataset_a:imu_20260721_221235,dataset_a,euno,0,0.01264154352247715,0,1
LOSO,euno,XGBoost,B2_time_frequency,dataset_a:imu_20260721_221256,dataset_a,euno,0,0.01264154352247715,0,1
LOSO,euno,XGBoost,B2_time_frequency,dataset_a:imu_20260721_221318,dataset_a,euno,0,0.01264154352247715,0,1
LOSO,euno,XGBoost,B2_time_frequency,dataset_a:imu_20260721_221339,dataset_a,euno,0,0.01264154352247715,0,1
LOSO,euno,XGBoost,B2_time_frequency,dataset_a:imu_20260721_221400,dataset_a,euno,0,0.01264154352247715,0,1
LOSO,euno,XGBoost,B2_time_frequency,dataset_a:imu_20260721_221433,dataset_a,euno,0,0.01264154352247715,0,1
LOSO,euno,XGBoost,B2_time_frequency,dataset_a:imu_20260721_221455,dataset_a,euno,0,0.01264154352247715,0,1
LOSO,euno,XGBoost,B2_time_frequency,dataset_a:imu_20260721_221516,dataset_a,euno,0,0.01264154352247715,0,1
LOSO,euno,XGBoost,B2_time_frequency,dataset_a:imu_20260721_221704,dataset_a,euno,0,0.01264154352247715,0,1
LOSO,euno,XGBoost,B2_time_frequency,dataset_a:imu_20260721_203056,dataset_a,euno,1,0.9865816831588745,1,1
LOSO,euno,XGBoost,B2_time_frequency,dataset_a:imu_20260721_203128,dataset_a,euno,1,0.9865816831588745,1,1
LOSO,euno,XGBoost,B2_time_frequency,dataset_a:imu_20260721_203200,dataset_a,euno,1,0.9865816831588745,1,1
LOSO,euno,XGBoost,B2_time_frequency,dataset_a:imu_20260721_203245,dataset_a,euno,1,0.9865816831588745,1,1
LOSO,euno,XGBoost,B2_time_frequency,dataset_a:imu_20260721_203312,dataset_a,euno,1,0.9865816831588745,1,1
LOSO,euno,XGBoost,B2_time_frequency,dataset_a:imu_20260721_203346,dataset_a,euno,1,0.9865816831588745,1,1
LOSO,euno,XGBoost,B2_time_frequency,dataset_a:imu_20260721_203417,dataset_a,euno,1,0.9865816831588745,1,1
LOSO,euno,XGBoost,B2_time_frequency,dataset_a:imu_20260721_203445,dataset_a,euno,1,0.9865816831588745,1,1
LOSO,euno,XGBoost,B2_time_frequency,dataset_a:imu_20260721_203519,dataset_a,euno,1,0.9865816831588745,1,1
LOSO,euno,XGBoost,B2_time_frequency,dataset_a:imu_20260721_203543,dataset_a,euno,1,0.9865816831588745,1,1
LOSO,euno,XGBoost,B2_time_frequency,dataset_a:imu_20260721_203606,dataset_a,euno,1,0.9865816831588745,1,1
LOSO,euno,XGBoost,B2_time_frequency,dataset_a:imu_20260721_215110,dataset_a,euno,1,0.9865816831588745,1,1
LOSO,euno,XGBoost,B2_time_frequency,dataset_a:imu_20260721_215133,dataset_a,euno,1,0.9865816831588745,1,1
LOSO,euno,XGBoost,B2_time_frequency,dataset_a:imu_20260721_215223,dataset_a,euno,1,0.9865816831588745,1,1
LOSO,euno,XGBoost,B2_time_frequency,dataset_a:imu_20260721_215726,dataset_a,euno,1,0.9865816831588745,1,1
LOSO,euno,XGBoost,B2_time_frequency,dataset_a:imu_20260721_215749,dataset_a,euno,1,0.9865816831588745,1,1
LOSO,euno,XGBoost,B2_time_frequency,dataset_a:imu_20260721_215828,dataset_a,euno,1,0.9865816831588745,1,1
LOSO,euno,XGBoost,B2_time_frequency,dataset_a:imu_20260721_215941,dataset_a,euno,1,0.9865816831588745,1,1
LOSO,euno,XGBoost,B2_time_frequency,dataset_a:imu_20260721_220015,dataset_a,euno,1,0.9865816831588745,1,1
LOSO,euno,XGBoost,B2_time_frequency,dataset_a:imu_20260721_220049,dataset_a,euno,1,0.9865816831588745,1,1
LOSO,euno,XGBoost,B2_time_frequency,dataset_a:imu_20260721_220445,dataset_a,euno,1,0.9865816831588745,1,1
LOSO,euno,XGBoost,B2_time_frequency,dataset_a:imu_20260721_220513,dataset_a,euno,1,0.9865816831588745,1,1
LOSO,euno,XGBoost,B2_time_frequency,dataset_a:imu_20260721_220956,dataset_a,euno,1,0.9865816831588745,1,1
LOSO,euno,XGBoost,B2_time_frequency,dataset_a:imu_20260721_221020,dataset_a,euno,1,0.9865816831588745,1,1
LOSO,euno,XGBoost,B2_time_frequency,dataset_a:imu_20260721_221056,dataset_a,euno,1,0.9865816831588745,1,1
LOSO,march,LightGBM,B1_time,dataset_a:imu_20260721_222227,dataset_a,march,0,0.001642209162814349,0,1
LOSO,march,LightGBM,B1_time,dataset_a:imu_20260721_222248,dataset_a,march,0,0.002176801100842862,0,1
LOSO,march,LightGBM,B1_time,dataset_a:imu_20260721_222310,dataset_a,march,0,0.0018005657088982837,0,1
LOSO,march,LightGBM,B1_time,dataset_a:imu_20260721_222332,dataset_a,march,0,0.002176801100842862,0,1
LOSO,march,LightGBM,B1_time,dataset_a:imu_20260721_222355,dataset_a,march,0,0.002176801100842862,0,1
LOSO,march,LightGBM,B1_time,dataset_a:imu_20260721_222703,dataset_a,march,0,0.001097127416619377,0,1
LOSO,march,LightGBM,B1_time,dataset_a:imu_20260721_222726,dataset_a,march,0,0.001097127416619377,0,1
LOSO,march,LightGBM,B1_time,dataset_a:imu_20260721_222747,dataset_a,march,0,0.0018005657088982837,0,1
LOSO,march,LightGBM,B1_time,dataset_a:imu_20260721_222813,dataset_a,march,0,0.0011577002422229958,0,1
LOSO,march,LightGBM,B1_time,dataset_a:imu_20260721_222834,dataset_a,march,0,0.0016553806549056544,0,1
LOSO,march,LightGBM,B1_time,dataset_a:imu_20260721_222005,dataset_a,march,1,0.9909661340726403,1,1
LOSO,march,LightGBM,B1_time,dataset_a:imu_20260721_222050,dataset_a,march,1,0.449192434752573,0,0
LOSO,march,LightGBM,B1_time,dataset_a:imu_20260721_222119,dataset_a,march,1,0.992053186221695,1,1
LOSO,march,LightGBM,B1_time,dataset_a:imu_20260721_222446,dataset_a,march,1,0.3013288874504988,0,0
LOSO,march,LightGBM,B1_time,dataset_a:imu_20260721_222509,dataset_a,march,1,0.28637729571871456,0,0
LOSO,march,LightGBM,B1_time,dataset_a:imu_20260721_222534,dataset_a,march,1,0.28637729571871456,0,0
LOSO,march,LightGBM,B1_time,dataset_a:imu_20260721_222600,dataset_a,march,1,0.993038609047545,1,1
LOSO,march,LightGBM,B1_time,dataset_a:imu_20260721_222630,dataset_a,march,1,0.9426411977094818,1,1
LOSO,march,LightGBM,B1_time,dataset_a:imu_20260721_222915,dataset_a,march,1,0.9904144891567894,1,1
LOSO,march,LightGBM,B1_time,dataset_a:imu_20260721_222939,dataset_a,march,1,0.8472432087762698,1,1
LOSO,march,XGBoost,B1_time,dataset_a:imu_20260721_222227,dataset_a,march,0,0.011390270665287971,0,1
LOSO,march,XGBoost,B1_time,dataset_a:imu_20260721_222248,dataset_a,march,0,0.011390270665287971,0,1
LOSO,march,XGBoost,B1_time,dataset_a:imu_20260721_222310,dataset_a,march,0,0.011390270665287971,0,1
LOSO,march,XGBoost,B1_time,dataset_a:imu_20260721_222332,dataset_a,march,0,0.011390270665287971,0,1
LOSO,march,XGBoost,B1_time,dataset_a:imu_20260721_222355,dataset_a,march,0,0.011390270665287971,0,1
LOSO,march,XGBoost,B1_time,dataset_a:imu_20260721_222703,dataset_a,march,0,0.011390270665287971,0,1
LOSO,march,XGBoost,B1_time,dataset_a:imu_20260721_222726,dataset_a,march,0,0.011390270665287971,0,1
LOSO,march,XGBoost,B1_time,dataset_a:imu_20260721_222747,dataset_a,march,0,0.011390270665287971,0,1
LOSO,march,XGBoost,B1_time,dataset_a:imu_20260721_222813,dataset_a,march,0,0.011390270665287971,0,1
LOSO,march,XGBoost,B1_time,dataset_a:imu_20260721_222834,dataset_a,march,0,0.011390270665287971,0,1
LOSO,march,XGBoost,B1_time,dataset_a:imu_20260721_222005,dataset_a,march,1,0.9877463579177856,1,1
LOSO,march,XGBoost,B1_time,dataset_a:imu_20260721_222050,dataset_a,march,1,0.03521134704351425,0,0
LOSO,march,XGBoost,B1_time,dataset_a:imu_20260721_222119,dataset_a,march,1,0.9877463579177856,1,1
LOSO,march,XGBoost,B1_time,dataset_a:imu_20260721_222446,dataset_a,march,1,0.029884545132517815,0,0
LOSO,march,XGBoost,B1_time,dataset_a:imu_20260721_222509,dataset_a,march,1,0.03256464749574661,0,0
LOSO,march,XGBoost,B1_time,dataset_a:imu_20260721_222534,dataset_a,march,1,0.03521134704351425,0,0
LOSO,march,XGBoost,B1_time,dataset_a:imu_20260721_222600,dataset_a,march,1,0.9877463579177856,1,1
LOSO,march,XGBoost,B1_time,dataset_a:imu_20260721_222630,dataset_a,march,1,0.10973738133907318,0,0
LOSO,march,XGBoost,B1_time,dataset_a:imu_20260721_222915,dataset_a,march,1,0.954650342464447,1,1
LOSO,march,XGBoost,B1_time,dataset_a:imu_20260721_222939,dataset_a,march,1,0.03256464749574661,0,0
LOSO,march,LightGBM,B2_time_frequency,dataset_a:imu_20260721_222227,dataset_a,march,0,0.0012834614018849408,0,1
LOSO,march,LightGBM,B2_time_frequency,dataset_a:imu_20260721_222248,dataset_a,march,0,0.0012834614018849408,0,1
LOSO,march,LightGBM,B2_time_frequency,dataset_a:imu_20260721_222310,dataset_a,march,0,0.0012834614018849408,0,1
LOSO,march,LightGBM,B2_time_frequency,dataset_a:imu_20260721_222332,dataset_a,march,0,0.0012834614018849408,0,1
LOSO,march,LightGBM,B2_time_frequency,dataset_a:imu_20260721_222355,dataset_a,march,0,0.0012834614018849408,0,1
LOSO,march,LightGBM,B2_time_frequency,dataset_a:imu_20260721_222703,dataset_a,march,0,0.0012834614018849408,0,1
LOSO,march,LightGBM,B2_time_frequency,dataset_a:imu_20260721_222726,dataset_a,march,0,0.0012834614018849408,0,1
LOSO,march,LightGBM,B2_time_frequency,dataset_a:imu_20260721_222747,dataset_a,march,0,0.0012834614018849408,0,1
LOSO,march,LightGBM,B2_time_frequency,dataset_a:imu_20260721_222813,dataset_a,march,0,0.0012834614018849408,0,1
LOSO,march,LightGBM,B2_time_frequency,dataset_a:imu_20260721_222834,dataset_a,march,0,0.0012834614018849408,0,1
LOSO,march,LightGBM,B2_time_frequency,dataset_a:imu_20260721_222005,dataset_a,march,1,0.9978515536811259,1,1
LOSO,march,LightGBM,B2_time_frequency,dataset_a:imu_20260721_222050,dataset_a,march,1,0.9974338512721986,1,1
LOSO,march,LightGBM,B2_time_frequency,dataset_a:imu_20260721_222119,dataset_a,march,1,0.9978515536811259,1,1
LOSO,march,LightGBM,B2_time_frequency,dataset_a:imu_20260721_222446,dataset_a,march,1,0.9974338512721986,1,1
LOSO,march,LightGBM,B2_time_frequency,dataset_a:imu_20260721_222509,dataset_a,march,1,0.9974338512721986,1,1
LOSO,march,LightGBM,B2_time_frequency,dataset_a:imu_20260721_222534,dataset_a,march,1,0.9974338512721986,1,1
LOSO,march,LightGBM,B2_time_frequency,dataset_a:imu_20260721_222600,dataset_a,march,1,0.9978515536811259,1,1
LOSO,march,LightGBM,B2_time_frequency,dataset_a:imu_20260721_222630,dataset_a,march,1,0.9977529742672159,1,1
LOSO,march,LightGBM,B2_time_frequency,dataset_a:imu_20260721_222915,dataset_a,march,1,0.9978294983622643,1,1
LOSO,march,LightGBM,B2_time_frequency,dataset_a:imu_20260721_222939,dataset_a,march,1,0.9976906497635653,1,1
LOSO,march,XGBoost,B2_time_frequency,dataset_a:imu_20260721_222227,dataset_a,march,0,0.011353312991559505,0,1
LOSO,march,XGBoost,B2_time_frequency,dataset_a:imu_20260721_222248,dataset_a,march,0,0.011353312991559505,0,1
LOSO,march,XGBoost,B2_time_frequency,dataset_a:imu_20260721_222310,dataset_a,march,0,0.011353312991559505,0,1
LOSO,march,XGBoost,B2_time_frequency,dataset_a:imu_20260721_222332,dataset_a,march,0,0.011353312991559505,0,1
LOSO,march,XGBoost,B2_time_frequency,dataset_a:imu_20260721_222355,dataset_a,march,0,0.011353312991559505,0,1
LOSO,march,XGBoost,B2_time_frequency,dataset_a:imu_20260721_222703,dataset_a,march,0,0.011353312991559505,0,1
LOSO,march,XGBoost,B2_time_frequency,dataset_a:imu_20260721_222726,dataset_a,march,0,0.011353312991559505,0,1
LOSO,march,XGBoost,B2_time_frequency,dataset_a:imu_20260721_222747,dataset_a,march,0,0.011353312991559505,0,1
LOSO,march,XGBoost,B2_time_frequency,dataset_a:imu_20260721_222813,dataset_a,march,0,0.011353312991559505,0,1
LOSO,march,XGBoost,B2_time_frequency,dataset_a:imu_20260721_222834,dataset_a,march,0,0.011353312991559505,0,1
LOSO,march,XGBoost,B2_time_frequency,dataset_a:imu_20260721_222005,dataset_a,march,1,0.9877655506134033,1,1
LOSO,march,XGBoost,B2_time_frequency,dataset_a:imu_20260721_222050,dataset_a,march,1,0.038075972348451614,0,0
LOSO,march,XGBoost,B2_time_frequency,dataset_a:imu_20260721_222119,dataset_a,march,1,0.9645670056343079,1,1
LOSO,march,XGBoost,B2_time_frequency,dataset_a:imu_20260721_222446,dataset_a,march,1,0.03651440143585205,0,0
LOSO,march,XGBoost,B2_time_frequency,dataset_a:imu_20260721_222509,dataset_a,march,1,0.038075972348451614,0,0
LOSO,march,XGBoost,B2_time_frequency,dataset_a:imu_20260721_222534,dataset_a,march,1,0.038075972348451614,0,0
LOSO,march,XGBoost,B2_time_frequency,dataset_a:imu_20260721_222600,dataset_a,march,1,0.9877655506134033,1,1
LOSO,march,XGBoost,B2_time_frequency,dataset_a:imu_20260721_222630,dataset_a,march,1,0.05978541821241379,0,0
LOSO,march,XGBoost,B2_time_frequency,dataset_a:imu_20260721_222915,dataset_a,march,1,0.9442771673202515,1,1
LOSO,march,XGBoost,B2_time_frequency,dataset_a:imu_20260721_222939,dataset_a,march,1,0.038075972348451614,0,0
LOSO,mu,LightGBM,B1_time,dataset_b:mu_still_01,dataset_b,mu,0,0.001516549813106837,0,1
LOSO,mu,LightGBM,B1_time,dataset_b:mu_still_02,dataset_b,mu,0,0.001516549813106837,0,1
LOSO,mu,LightGBM,B1_time,dataset_b:mu_still_03,dataset_b,mu,0,0.001516549813106837,0,1
LOSO,mu,LightGBM,B1_time,dataset_b:mu_still_04,dataset_b,mu,0,0.001516549813106837,0,1
LOSO,mu,LightGBM,B1_time,dataset_b:mu_still_05,dataset_b,mu,0,0.001516549813106837,0,1
LOSO,mu,LightGBM,B1_time,dataset_b:mu_still_06,dataset_b,mu,0,0.001516549813106837,0,1
LOSO,mu,LightGBM,B1_time,dataset_b:mu_still_07,dataset_b,mu,0,0.001516549813106837,0,1
LOSO,mu,LightGBM,B1_time,dataset_b:mu_still_08,dataset_b,mu,0,0.0015324647909519455,0,1
LOSO,mu,LightGBM,B1_time,dataset_b:mu_still_09,dataset_b,mu,0,0.0015324647909519455,0,1
LOSO,mu,LightGBM,B1_time,dataset_b:mu_still_10,dataset_b,mu,0,0.001516549813106837,0,1
LOSO,mu,LightGBM,B1_time,dataset_b:mu_still_11,dataset_b,mu,0,0.001516549813106837,0,1
LOSO,mu,LightGBM,B1_time,dataset_b:mu_still_12,dataset_b,mu,0,0.001516549813106837,0,1
LOSO,mu,LightGBM,B1_time,dataset_b:mu_still_13,dataset_b,mu,0,0.0015324647909519455,0,1
LOSO,mu,LightGBM,B1_time,dataset_b:mu_still_14,dataset_b,mu,0,0.001516549813106837,0,1
LOSO,mu,LightGBM,B1_time,dataset_b:mu_still_15,dataset_b,mu,0,0.001516549813106837,0,1
LOSO,mu,LightGBM,B1_time,dataset_b:mu_still_16,dataset_b,mu,0,0.001516549813106837,0,1
LOSO,mu,LightGBM,B1_time,dataset_b:mu_still_17,dataset_b,mu,0,0.001516549813106837,0,1
LOSO,mu,LightGBM,B1_time,dataset_b:mu_still_18,dataset_b,mu,0,0.01799591642078015,0,1
LOSO,mu,LightGBM,B1_time,dataset_b:mu_still_19,dataset_b,mu,0,0.001516549813106837,0,1
LOSO,mu,LightGBM,B1_time,dataset_b:mu_still_20,dataset_b,mu,0,0.001516549813106837,0,1
LOSO,mu,LightGBM,B1_time,dataset_b:mu_tremor_01,dataset_b,mu,1,0.9985023062895347,1,1
LOSO,mu,LightGBM,B1_time,dataset_b:mu_tremor_02,dataset_b,mu,1,0.9985023062895347,1,1
LOSO,mu,LightGBM,B1_time,dataset_b:mu_tremor_03,dataset_b,mu,1,0.9985023062895347,1,1
LOSO,mu,LightGBM,B1_time,dataset_b:mu_tremor_04,dataset_b,mu,1,0.9985023062895347,1,1
LOSO,mu,LightGBM,B1_time,dataset_b:mu_tremor_05,dataset_b,mu,1,0.9985023062895347,1,1
LOSO,mu,LightGBM,B1_time,dataset_b:mu_tremor_06,dataset_b,mu,1,0.9985023062895347,1,1
LOSO,mu,LightGBM,B1_time,dataset_b:mu_tremor_07,dataset_b,mu,1,0.9985023062895347,1,1
LOSO,mu,LightGBM,B1_time,dataset_b:mu_tremor_08,dataset_b,mu,1,0.9985023062895347,1,1
LOSO,mu,LightGBM,B1_time,dataset_b:mu_tremor_09,dataset_b,mu,1,0.9985023062895347,1,1
LOSO,mu,LightGBM,B1_time,dataset_b:mu_tremor_10,dataset_b,mu,1,0.9985023062895347,1,1
LOSO,mu,LightGBM,B1_time,dataset_b:mu_tremor_11,dataset_b,mu,1,0.9985023062895347,1,1
LOSO,mu,LightGBM,B1_time,dataset_b:mu_tremor_12,dataset_b,mu,1,0.9985023062895347,1,1
LOSO,mu,LightGBM,B1_time,dataset_b:mu_tremor_13,dataset_b,mu,1,0.9985023062895347,1,1
LOSO,mu,LightGBM,B1_time,dataset_b:mu_tremor_14,dataset_b,mu,1,0.9985023062895347,1,1
LOSO,mu,LightGBM,B1_time,dataset_b:mu_tremor_15,dataset_b,mu,1,0.9985023062895347,1,1
LOSO,mu,LightGBM,B1_time,dataset_b:mu_tremor_16,dataset_b,mu,1,0.9985023062895347,1,1
LOSO,mu,LightGBM,B1_time,dataset_b:mu_tremor_17,dataset_b,mu,1,0.9985023062895347,1,1
LOSO,mu,LightGBM,B1_time,dataset_b:mu_tremor_18,dataset_b,mu,1,0.9985023062895347,1,1
LOSO,mu,LightGBM,B1_time,dataset_b:mu_tremor_19,dataset_b,mu,1,0.9985023062895347,1,1
LOSO,mu,LightGBM,B1_time,dataset_b:mu_tremor_20,dataset_b,mu,1,0.9985023062895347,1,1
LOSO,mu,XGBoost,B1_time,dataset_b:mu_still_01,dataset_b,mu,0,0.012081078253686428,0,1
LOSO,mu,XGBoost,B1_time,dataset_b:mu_still_02,dataset_b,mu,0,0.012081078253686428,0,1
LOSO,mu,XGBoost,B1_time,dataset_b:mu_still_03,dataset_b,mu,0,0.012081078253686428,0,1
LOSO,mu,XGBoost,B1_time,dataset_b:mu_still_04,dataset_b,mu,0,0.012081078253686428,0,1
LOSO,mu,XGBoost,B1_time,dataset_b:mu_still_05,dataset_b,mu,0,0.012081078253686428,0,1
LOSO,mu,XGBoost,B1_time,dataset_b:mu_still_06,dataset_b,mu,0,0.012081078253686428,0,1
LOSO,mu,XGBoost,B1_time,dataset_b:mu_still_07,dataset_b,mu,0,0.012081078253686428,0,1
LOSO,mu,XGBoost,B1_time,dataset_b:mu_still_08,dataset_b,mu,0,0.012081078253686428,0,1
LOSO,mu,XGBoost,B1_time,dataset_b:mu_still_09,dataset_b,mu,0,0.012081078253686428,0,1
LOSO,mu,XGBoost,B1_time,dataset_b:mu_still_10,dataset_b,mu,0,0.012081078253686428,0,1
LOSO,mu,XGBoost,B1_time,dataset_b:mu_still_11,dataset_b,mu,0,0.012081078253686428,0,1
LOSO,mu,XGBoost,B1_time,dataset_b:mu_still_12,dataset_b,mu,0,0.012081078253686428,0,1
LOSO,mu,XGBoost,B1_time,dataset_b:mu_still_13,dataset_b,mu,0,0.012081078253686428,0,1
LOSO,mu,XGBoost,B1_time,dataset_b:mu_still_14,dataset_b,mu,0,0.012081078253686428,0,1
LOSO,mu,XGBoost,B1_time,dataset_b:mu_still_15,dataset_b,mu,0,0.012081078253686428,0,1
LOSO,mu,XGBoost,B1_time,dataset_b:mu_still_16,dataset_b,mu,0,0.012081078253686428,0,1
LOSO,mu,XGBoost,B1_time,dataset_b:mu_still_17,dataset_b,mu,0,0.012081078253686428,0,1
LOSO,mu,XGBoost,B1_time,dataset_b:mu_still_18,dataset_b,mu,0,0.03867460414767265,0,1
LOSO,mu,XGBoost,B1_time,dataset_b:mu_still_19,dataset_b,mu,0,0.012081078253686428,0,1
LOSO,mu,XGBoost,B1_time,dataset_b:mu_still_20,dataset_b,mu,0,0.012081078253686428,0,1
LOSO,mu,XGBoost,B1_time,dataset_b:mu_tremor_01,dataset_b,mu,1,0.9873898029327393,1,1
LOSO,mu,XGBoost,B1_time,dataset_b:mu_tremor_02,dataset_b,mu,1,0.9873898029327393,1,1
LOSO,mu,XGBoost,B1_time,dataset_b:mu_tremor_03,dataset_b,mu,1,0.9873898029327393,1,1
LOSO,mu,XGBoost,B1_time,dataset_b:mu_tremor_04,dataset_b,mu,1,0.9873898029327393,1,1
LOSO,mu,XGBoost,B1_time,dataset_b:mu_tremor_05,dataset_b,mu,1,0.9873898029327393,1,1
LOSO,mu,XGBoost,B1_time,dataset_b:mu_tremor_06,dataset_b,mu,1,0.9873898029327393,1,1
LOSO,mu,XGBoost,B1_time,dataset_b:mu_tremor_07,dataset_b,mu,1,0.9873898029327393,1,1
LOSO,mu,XGBoost,B1_time,dataset_b:mu_tremor_08,dataset_b,mu,1,0.9873898029327393,1,1
LOSO,mu,XGBoost,B1_time,dataset_b:mu_tremor_09,dataset_b,mu,1,0.9873898029327393,1,1
LOSO,mu,XGBoost,B1_time,dataset_b:mu_tremor_10,dataset_b,mu,1,0.9873898029327393,1,1
LOSO,mu,XGBoost,B1_time,dataset_b:mu_tremor_11,dataset_b,mu,1,0.9873898029327393,1,1
LOSO,mu,XGBoost,B1_time,dataset_b:mu_tremor_12,dataset_b,mu,1,0.9873898029327393,1,1
LOSO,mu,XGBoost,B1_time,dataset_b:mu_tremor_13,dataset_b,mu,1,0.9873898029327393,1,1
LOSO,mu,XGBoost,B1_time,dataset_b:mu_tremor_14,dataset_b,mu,1,0.9873898029327393,1,1
LOSO,mu,XGBoost,B1_time,dataset_b:mu_tremor_15,dataset_b,mu,1,0.9873898029327393,1,1
LOSO,mu,XGBoost,B1_time,dataset_b:mu_tremor_16,dataset_b,mu,1,0.9873898029327393,1,1
LOSO,mu,XGBoost,B1_time,dataset_b:mu_tremor_17,dataset_b,mu,1,0.9873898029327393,1,1
LOSO,mu,XGBoost,B1_time,dataset_b:mu_tremor_18,dataset_b,mu,1,0.9873898029327393,1,1
LOSO,mu,XGBoost,B1_time,dataset_b:mu_tremor_19,dataset_b,mu,1,0.9873898029327393,1,1
LOSO,mu,XGBoost,B1_time,dataset_b:mu_tremor_20,dataset_b,mu,1,0.9873898029327393,1,1
LOSO,mu,LightGBM,B2_time_frequency,dataset_b:mu_still_01,dataset_b,mu,0,0.0015165498191635333,0,1
LOSO,mu,LightGBM,B2_time_frequency,dataset_b:mu_still_02,dataset_b,mu,0,0.0015165498191635333,0,1
LOSO,mu,LightGBM,B2_time_frequency,dataset_b:mu_still_03,dataset_b,mu,0,0.0015165498191635333,0,1
LOSO,mu,LightGBM,B2_time_frequency,dataset_b:mu_still_04,dataset_b,mu,0,0.0015165498191635333,0,1
LOSO,mu,LightGBM,B2_time_frequency,dataset_b:mu_still_05,dataset_b,mu,0,0.0015165498191635333,0,1
LOSO,mu,LightGBM,B2_time_frequency,dataset_b:mu_still_06,dataset_b,mu,0,0.0015165498191635333,0,1
LOSO,mu,LightGBM,B2_time_frequency,dataset_b:mu_still_07,dataset_b,mu,0,0.0015165498191635333,0,1
LOSO,mu,LightGBM,B2_time_frequency,dataset_b:mu_still_08,dataset_b,mu,0,0.0015324626479381615,0,1
LOSO,mu,LightGBM,B2_time_frequency,dataset_b:mu_still_09,dataset_b,mu,0,0.0015324626479381615,0,1
LOSO,mu,LightGBM,B2_time_frequency,dataset_b:mu_still_10,dataset_b,mu,0,0.0015165498191635333,0,1
LOSO,mu,LightGBM,B2_time_frequency,dataset_b:mu_still_11,dataset_b,mu,0,0.0015165498191635333,0,1
LOSO,mu,LightGBM,B2_time_frequency,dataset_b:mu_still_12,dataset_b,mu,0,0.0015165498191635333,0,1
LOSO,mu,LightGBM,B2_time_frequency,dataset_b:mu_still_13,dataset_b,mu,0,0.0015324626479381615,0,1
LOSO,mu,LightGBM,B2_time_frequency,dataset_b:mu_still_14,dataset_b,mu,0,0.0015165498191635333,0,1
LOSO,mu,LightGBM,B2_time_frequency,dataset_b:mu_still_15,dataset_b,mu,0,0.0015165498191635333,0,1
LOSO,mu,LightGBM,B2_time_frequency,dataset_b:mu_still_16,dataset_b,mu,0,0.0015165498191635333,0,1
LOSO,mu,LightGBM,B2_time_frequency,dataset_b:mu_still_17,dataset_b,mu,0,0.0015165498191635333,0,1
LOSO,mu,LightGBM,B2_time_frequency,dataset_b:mu_still_18,dataset_b,mu,0,0.003916006919899467,0,1
LOSO,mu,LightGBM,B2_time_frequency,dataset_b:mu_still_19,dataset_b,mu,0,0.0015165498191635333,0,1
LOSO,mu,LightGBM,B2_time_frequency,dataset_b:mu_still_20,dataset_b,mu,0,0.0015165498191635333,0,1
LOSO,mu,LightGBM,B2_time_frequency,dataset_b:mu_tremor_01,dataset_b,mu,1,0.9985030835196087,1,1
LOSO,mu,LightGBM,B2_time_frequency,dataset_b:mu_tremor_02,dataset_b,mu,1,0.9985030835196087,1,1
LOSO,mu,LightGBM,B2_time_frequency,dataset_b:mu_tremor_03,dataset_b,mu,1,0.9985030835196087,1,1
LOSO,mu,LightGBM,B2_time_frequency,dataset_b:mu_tremor_04,dataset_b,mu,1,0.9985030835196087,1,1
LOSO,mu,LightGBM,B2_time_frequency,dataset_b:mu_tremor_05,dataset_b,mu,1,0.9985030835196087,1,1
LOSO,mu,LightGBM,B2_time_frequency,dataset_b:mu_tremor_06,dataset_b,mu,1,0.9985030835196087,1,1
LOSO,mu,LightGBM,B2_time_frequency,dataset_b:mu_tremor_07,dataset_b,mu,1,0.9985030835196087,1,1
LOSO,mu,LightGBM,B2_time_frequency,dataset_b:mu_tremor_08,dataset_b,mu,1,0.9985030835196087,1,1
LOSO,mu,LightGBM,B2_time_frequency,dataset_b:mu_tremor_09,dataset_b,mu,1,0.9985030835196087,1,1
LOSO,mu,LightGBM,B2_time_frequency,dataset_b:mu_tremor_10,dataset_b,mu,1,0.9985030835196087,1,1
LOSO,mu,LightGBM,B2_time_frequency,dataset_b:mu_tremor_11,dataset_b,mu,1,0.9985030835196087,1,1
LOSO,mu,LightGBM,B2_time_frequency,dataset_b:mu_tremor_12,dataset_b,mu,1,0.9985030835196087,1,1
LOSO,mu,LightGBM,B2_time_frequency,dataset_b:mu_tremor_13,dataset_b,mu,1,0.9985030835196087,1,1
LOSO,mu,LightGBM,B2_time_frequency,dataset_b:mu_tremor_14,dataset_b,mu,1,0.9985030835196087,1,1
LOSO,mu,LightGBM,B2_time_frequency,dataset_b:mu_tremor_15,dataset_b,mu,1,0.9985030835196087,1,1
LOSO,mu,LightGBM,B2_time_frequency,dataset_b:mu_tremor_16,dataset_b,mu,1,0.9985030835196087,1,1
LOSO,mu,LightGBM,B2_time_frequency,dataset_b:mu_tremor_17,dataset_b,mu,1,0.9985030835196087,1,1
LOSO,mu,LightGBM,B2_time_frequency,dataset_b:mu_tremor_18,dataset_b,mu,1,0.9985030835196087,1,1
LOSO,mu,LightGBM,B2_time_frequency,dataset_b:mu_tremor_19,dataset_b,mu,1,0.9985030835196087,1,1
LOSO,mu,LightGBM,B2_time_frequency,dataset_b:mu_tremor_20,dataset_b,mu,1,0.9985030835196087,1,1
LOSO,mu,XGBoost,B2_time_frequency,dataset_b:mu_still_01,dataset_b,mu,0,0.012115631252527237,0,1
LOSO,mu,XGBoost,B2_time_frequency,dataset_b:mu_still_02,dataset_b,mu,0,0.012115631252527237,0,1
LOSO,mu,XGBoost,B2_time_frequency,dataset_b:mu_still_03,dataset_b,mu,0,0.012115631252527237,0,1
LOSO,mu,XGBoost,B2_time_frequency,dataset_b:mu_still_04,dataset_b,mu,0,0.012115631252527237,0,1
LOSO,mu,XGBoost,B2_time_frequency,dataset_b:mu_still_05,dataset_b,mu,0,0.012115631252527237,0,1
LOSO,mu,XGBoost,B2_time_frequency,dataset_b:mu_still_06,dataset_b,mu,0,0.012115631252527237,0,1
LOSO,mu,XGBoost,B2_time_frequency,dataset_b:mu_still_07,dataset_b,mu,0,0.012115631252527237,0,1
LOSO,mu,XGBoost,B2_time_frequency,dataset_b:mu_still_08,dataset_b,mu,0,0.012115631252527237,0,1
LOSO,mu,XGBoost,B2_time_frequency,dataset_b:mu_still_09,dataset_b,mu,0,0.012115631252527237,0,1
LOSO,mu,XGBoost,B2_time_frequency,dataset_b:mu_still_10,dataset_b,mu,0,0.012115631252527237,0,1
LOSO,mu,XGBoost,B2_time_frequency,dataset_b:mu_still_11,dataset_b,mu,0,0.012115631252527237,0,1
LOSO,mu,XGBoost,B2_time_frequency,dataset_b:mu_still_12,dataset_b,mu,0,0.012115631252527237,0,1
LOSO,mu,XGBoost,B2_time_frequency,dataset_b:mu_still_13,dataset_b,mu,0,0.012115631252527237,0,1
LOSO,mu,XGBoost,B2_time_frequency,dataset_b:mu_still_14,dataset_b,mu,0,0.012115631252527237,0,1
LOSO,mu,XGBoost,B2_time_frequency,dataset_b:mu_still_15,dataset_b,mu,0,0.012115631252527237,0,1
LOSO,mu,XGBoost,B2_time_frequency,dataset_b:mu_still_16,dataset_b,mu,0,0.012115631252527237,0,1
LOSO,mu,XGBoost,B2_time_frequency,dataset_b:mu_still_17,dataset_b,mu,0,0.012115631252527237,0,1
LOSO,mu,XGBoost,B2_time_frequency,dataset_b:mu_still_18,dataset_b,mu,0,0.03943777084350586,0,1
LOSO,mu,XGBoost,B2_time_frequency,dataset_b:mu_still_19,dataset_b,mu,0,0.012115631252527237,0,1
LOSO,mu,XGBoost,B2_time_frequency,dataset_b:mu_still_20,dataset_b,mu,0,0.012115631252527237,0,1
LOSO,mu,XGBoost,B2_time_frequency,dataset_b:mu_tremor_01,dataset_b,mu,1,0.9868699908256531,1,1
LOSO,mu,XGBoost,B2_time_frequency,dataset_b:mu_tremor_02,dataset_b,mu,1,0.9868699908256531,1,1
LOSO,mu,XGBoost,B2_time_frequency,dataset_b:mu_tremor_03,dataset_b,mu,1,0.9871887564659119,1,1
LOSO,mu,XGBoost,B2_time_frequency,dataset_b:mu_tremor_04,dataset_b,mu,1,0.9868699908256531,1,1
LOSO,mu,XGBoost,B2_time_frequency,dataset_b:mu_tremor_05,dataset_b,mu,1,0.9871887564659119,1,1
LOSO,mu,XGBoost,B2_time_frequency,dataset_b:mu_tremor_06,dataset_b,mu,1,0.9868699908256531,1,1
LOSO,mu,XGBoost,B2_time_frequency,dataset_b:mu_tremor_07,dataset_b,mu,1,0.9868699908256531,1,1
LOSO,mu,XGBoost,B2_time_frequency,dataset_b:mu_tremor_08,dataset_b,mu,1,0.9868699908256531,1,1
LOSO,mu,XGBoost,B2_time_frequency,dataset_b:mu_tremor_09,dataset_b,mu,1,0.9868699908256531,1,1
LOSO,mu,XGBoost,B2_time_frequency,dataset_b:mu_tremor_10,dataset_b,mu,1,0.9868699908256531,1,1
LOSO,mu,XGBoost,B2_time_frequency,dataset_b:mu_tremor_11,dataset_b,mu,1,0.9871887564659119,1,1
LOSO,mu,XGBoost,B2_time_frequency,dataset_b:mu_tremor_12,dataset_b,mu,1,0.9868699908256531,1,1
LOSO,mu,XGBoost,B2_time_frequency,dataset_b:mu_tremor_13,dataset_b,mu,1,0.9868699908256531,1,1
LOSO,mu,XGBoost,B2_time_frequency,dataset_b:mu_tremor_14,dataset_b,mu,1,0.9868699908256531,1,1
LOSO,mu,XGBoost,B2_time_frequency,dataset_b:mu_tremor_15,dataset_b,mu,1,0.9868699908256531,1,1
LOSO,mu,XGBoost,B2_time_frequency,dataset_b:mu_tremor_16,dataset_b,mu,1,0.9868699908256531,1,1
LOSO,mu,XGBoost,B2_time_frequency,dataset_b:mu_tremor_17,dataset_b,mu,1,0.9868699908256531,1,1
LOSO,mu,XGBoost,B2_time_frequency,dataset_b:mu_tremor_18,dataset_b,mu,1,0.9868699908256531,1,1
LOSO,mu,XGBoost,B2_time_frequency,dataset_b:mu_tremor_19,dataset_b,mu,1,0.9868699908256531,1,1
LOSO,mu,XGBoost,B2_time_frequency,dataset_b:mu_tremor_20,dataset_b,mu,1,0.9868699908256531,1,1
LOSO,seojin,LightGBM,B1_time,dataset_a:imu_20260721_201428,dataset_a,seojin,0,0.0011155138339447705,0,1
LOSO,seojin,LightGBM,B1_time,dataset_a:imu_20260721_201455,dataset_a,seojin,0,0.0011361688739292364,0,1
LOSO,seojin,LightGBM,B1_time,dataset_a:imu_20260721_201609,dataset_a,seojin,0,0.0011361688739292364,0,1
LOSO,seojin,LightGBM,B1_time,dataset_a:imu_20260721_201735,dataset_a,seojin,0,0.0011155138339447705,0,1
LOSO,seojin,LightGBM,B1_time,dataset_a:imu_20260721_201808,dataset_a,seojin,0,0.0011291062929749624,0,1
LOSO,seojin,LightGBM,B1_time,dataset_a:imu_20260721_201832,dataset_a,seojin,0,0.0011291062929749624,0,1
LOSO,seojin,LightGBM,B1_time,dataset_a:imu_20260721_201855,dataset_a,seojin,0,0.0011243038114151275,0,1
LOSO,seojin,LightGBM,B1_time,dataset_a:imu_20260721_201917,dataset_a,seojin,0,0.0011361688739292364,0,1
LOSO,seojin,LightGBM,B1_time,dataset_a:imu_20260721_201938,dataset_a,seojin,0,0.0011317570121244652,0,1
LOSO,seojin,LightGBM,B1_time,dataset_a:imu_20260721_202000,dataset_a,seojin,0,0.0011361688739292364,0,1
LOSO,seojin,LightGBM,B1_time,dataset_a:imu_20260721_202022,dataset_a,seojin,0,0.0011155138339447705,0,1
LOSO,seojin,LightGBM,B1_time,dataset_a:imu_20260721_202043,dataset_a,seojin,0,0.0011155138339447705,0,1
LOSO,seojin,LightGBM,B1_time,dataset_a:imu_20260721_202111,dataset_a,seojin,0,0.0011291062929749624,0,1
LOSO,seojin,LightGBM,B1_time,dataset_a:imu_20260721_202136,dataset_a,seojin,0,0.0011361688739292364,0,1
LOSO,seojin,LightGBM,B1_time,dataset_a:imu_20260721_202205,dataset_a,seojin,0,0.0012090564753778382,0,1
LOSO,seojin,LightGBM,B1_time,dataset_a:imu_20260721_202252,dataset_a,seojin,0,0.0011155138339447705,0,1
LOSO,seojin,LightGBM,B1_time,dataset_a:imu_20260721_202326,dataset_a,seojin,0,0.0011155138339447705,0,1
LOSO,seojin,LightGBM,B1_time,dataset_a:imu_20260721_202355,dataset_a,seojin,0,0.0011155138339447705,0,1
LOSO,seojin,LightGBM,B1_time,dataset_a:imu_20260721_202446,dataset_a,seojin,0,0.0011361688739292364,0,1
LOSO,seojin,LightGBM,B1_time,dataset_a:imu_20260721_202508,dataset_a,seojin,0,0.0014973209231768467,0,1
LOSO,seojin,LightGBM,B1_time,dataset_a:imu_20260721_202529,dataset_a,seojin,0,0.0011291062929749624,0,1
LOSO,seojin,LightGBM,B1_time,dataset_a:imu_20260721_202550,dataset_a,seojin,0,0.0011361688739292364,0,1
LOSO,seojin,LightGBM,B1_time,dataset_a:imu_20260721_202613,dataset_a,seojin,0,0.0011361688739292364,0,1
LOSO,seojin,LightGBM,B1_time,dataset_a:imu_20260721_202634,dataset_a,seojin,0,0.0014973209231768467,0,1
LOSO,seojin,LightGBM,B1_time,dataset_a:imu_20260721_202704,dataset_a,seojin,0,0.0014973209231768467,0,1
LOSO,seojin,LightGBM,B1_time,dataset_a:imu_20260721_195856,dataset_a,seojin,1,0.9987818367431458,1,1
LOSO,seojin,LightGBM,B1_time,dataset_a:imu_20260721_200002,dataset_a,seojin,1,0.9987818367431458,1,1
LOSO,seojin,LightGBM,B1_time,dataset_a:imu_20260721_200033,dataset_a,seojin,1,0.9987818367431458,1,1
LOSO,seojin,LightGBM,B1_time,dataset_a:imu_20260721_200059,dataset_a,seojin,1,0.9987818367431458,1,1
LOSO,seojin,LightGBM,B1_time,dataset_a:imu_20260721_200128,dataset_a,seojin,1,0.9987818367431458,1,1
LOSO,seojin,LightGBM,B1_time,dataset_a:imu_20260721_200152,dataset_a,seojin,1,0.9987818367431458,1,1
LOSO,seojin,LightGBM,B1_time,dataset_a:imu_20260721_200233,dataset_a,seojin,1,0.9987818367431458,1,1
LOSO,seojin,LightGBM,B1_time,dataset_a:imu_20260721_200256,dataset_a,seojin,1,0.9987818367431458,1,1
LOSO,seojin,LightGBM,B1_time,dataset_a:imu_20260721_200321,dataset_a,seojin,1,0.9987818367431458,1,1
LOSO,seojin,LightGBM,B1_time,dataset_a:imu_20260721_200433,dataset_a,seojin,1,0.9987818367431458,1,1
LOSO,seojin,LightGBM,B1_time,dataset_a:imu_20260721_200508,dataset_a,seojin,1,0.9987818367431458,1,1
LOSO,seojin,LightGBM,B1_time,dataset_a:imu_20260721_200530,dataset_a,seojin,1,0.9987818367431458,1,1
LOSO,seojin,LightGBM,B1_time,dataset_a:imu_20260721_200553,dataset_a,seojin,1,0.9987818367431458,1,1
LOSO,seojin,LightGBM,B1_time,dataset_a:imu_20260721_200617,dataset_a,seojin,1,0.9982894401252145,1,1
LOSO,seojin,LightGBM,B1_time,dataset_a:imu_20260721_200642,dataset_a,seojin,1,0.9987818367431458,1,1
LOSO,seojin,LightGBM,B1_time,dataset_a:imu_20260721_200826,dataset_a,seojin,1,0.9987324571931846,1,1
LOSO,seojin,LightGBM,B1_time,dataset_a:imu_20260721_200851,dataset_a,seojin,1,0.9987818367431458,1,1
LOSO,seojin,LightGBM,B1_time,dataset_a:imu_20260721_201011,dataset_a,seojin,1,0.9987818367431458,1,1
LOSO,seojin,LightGBM,B1_time,dataset_a:imu_20260721_201034,dataset_a,seojin,1,0.9987818367431458,1,1
LOSO,seojin,LightGBM,B1_time,dataset_a:imu_20260721_201110,dataset_a,seojin,1,0.9987818367431458,1,1
LOSO,seojin,LightGBM,B1_time,dataset_a:imu_20260721_201149,dataset_a,seojin,1,0.9987818367431458,1,1
LOSO,seojin,LightGBM,B1_time,dataset_a:imu_20260721_201211,dataset_a,seojin,1,0.9987818367431458,1,1
LOSO,seojin,LightGBM,B1_time,dataset_a:imu_20260721_201234,dataset_a,seojin,1,0.9987818367431458,1,1
LOSO,seojin,LightGBM,B1_time,dataset_a:imu_20260721_201256,dataset_a,seojin,1,0.9987818367431458,1,1
LOSO,seojin,LightGBM,B1_time,dataset_a:imu_20260721_201318,dataset_a,seojin,1,0.998753012562801,1,1
LOSO,seojin,XGBoost,B1_time,dataset_a:imu_20260721_201428,dataset_a,seojin,0,0.0134664885699749,0,1
LOSO,seojin,XGBoost,B1_time,dataset_a:imu_20260721_201455,dataset_a,seojin,0,0.012652816250920296,0,1
LOSO,seojin,XGBoost,B1_time,dataset_a:imu_20260721_201609,dataset_a,seojin,0,0.012652816250920296,0,1
LOSO,seojin,XGBoost,B1_time,dataset_a:imu_20260721_201735,dataset_a,seojin,0,0.012652816250920296,0,1
LOSO,seojin,XGBoost,B1_time,dataset_a:imu_20260721_201808,dataset_a,seojin,0,0.012652816250920296,0,1
LOSO,seojin,XGBoost,B1_time,dataset_a:imu_20260721_201832,dataset_a,seojin,0,0.012652816250920296,0,1
LOSO,seojin,XGBoost,B1_time,dataset_a:imu_20260721_201855,dataset_a,seojin,0,0.012652816250920296,0,1
LOSO,seojin,XGBoost,B1_time,dataset_a:imu_20260721_201917,dataset_a,seojin,0,0.012652816250920296,0,1
LOSO,seojin,XGBoost,B1_time,dataset_a:imu_20260721_201938,dataset_a,seojin,0,0.012652816250920296,0,1
LOSO,seojin,XGBoost,B1_time,dataset_a:imu_20260721_202000,dataset_a,seojin,0,0.012652816250920296,0,1
LOSO,seojin,XGBoost,B1_time,dataset_a:imu_20260721_202022,dataset_a,seojin,0,0.0134664885699749,0,1
LOSO,seojin,XGBoost,B1_time,dataset_a:imu_20260721_202043,dataset_a,seojin,0,0.012652816250920296,0,1
LOSO,seojin,XGBoost,B1_time,dataset_a:imu_20260721_202111,dataset_a,seojin,0,0.012652816250920296,0,1
LOSO,seojin,XGBoost,B1_time,dataset_a:imu_20260721_202136,dataset_a,seojin,0,0.012652816250920296,0,1
LOSO,seojin,XGBoost,B1_time,dataset_a:imu_20260721_202205,dataset_a,seojin,0,0.014171706512570381,0,1
LOSO,seojin,XGBoost,B1_time,dataset_a:imu_20260721_202252,dataset_a,seojin,0,0.012652816250920296,0,1
LOSO,seojin,XGBoost,B1_time,dataset_a:imu_20260721_202326,dataset_a,seojin,0,0.0134664885699749,0,1
LOSO,seojin,XGBoost,B1_time,dataset_a:imu_20260721_202355,dataset_a,seojin,0,0.012652816250920296,0,1
LOSO,seojin,XGBoost,B1_time,dataset_a:imu_20260721_202446,dataset_a,seojin,0,0.012652816250920296,0,1
LOSO,seojin,XGBoost,B1_time,dataset_a:imu_20260721_202508,dataset_a,seojin,0,0.012652816250920296,0,1
LOSO,seojin,XGBoost,B1_time,dataset_a:imu_20260721_202529,dataset_a,seojin,0,0.012652816250920296,0,1
LOSO,seojin,XGBoost,B1_time,dataset_a:imu_20260721_202550,dataset_a,seojin,0,0.012652816250920296,0,1
LOSO,seojin,XGBoost,B1_time,dataset_a:imu_20260721_202613,dataset_a,seojin,0,0.012652816250920296,0,1
LOSO,seojin,XGBoost,B1_time,dataset_a:imu_20260721_202634,dataset_a,seojin,0,0.012652816250920296,0,1
LOSO,seojin,XGBoost,B1_time,dataset_a:imu_20260721_202704,dataset_a,seojin,0,0.012652816250920296,0,1
LOSO,seojin,XGBoost,B1_time,dataset_a:imu_20260721_195856,dataset_a,seojin,1,0.9865482449531555,1,1
LOSO,seojin,XGBoost,B1_time,dataset_a:imu_20260721_200002,dataset_a,seojin,1,0.9865482449531555,1,1
LOSO,seojin,XGBoost,B1_time,dataset_a:imu_20260721_200033,dataset_a,seojin,1,0.9865482449531555,1,1
LOSO,seojin,XGBoost,B1_time,dataset_a:imu_20260721_200059,dataset_a,seojin,1,0.9865482449531555,1,1
LOSO,seojin,XGBoost,B1_time,dataset_a:imu_20260721_200128,dataset_a,seojin,1,0.9865482449531555,1,1
LOSO,seojin,XGBoost,B1_time,dataset_a:imu_20260721_200152,dataset_a,seojin,1,0.9865482449531555,1,1
LOSO,seojin,XGBoost,B1_time,dataset_a:imu_20260721_200233,dataset_a,seojin,1,0.9865482449531555,1,1
LOSO,seojin,XGBoost,B1_time,dataset_a:imu_20260721_200256,dataset_a,seojin,1,0.9865482449531555,1,1
LOSO,seojin,XGBoost,B1_time,dataset_a:imu_20260721_200321,dataset_a,seojin,1,0.9865482449531555,1,1
LOSO,seojin,XGBoost,B1_time,dataset_a:imu_20260721_200433,dataset_a,seojin,1,0.9865482449531555,1,1
LOSO,seojin,XGBoost,B1_time,dataset_a:imu_20260721_200508,dataset_a,seojin,1,0.9865482449531555,1,1
LOSO,seojin,XGBoost,B1_time,dataset_a:imu_20260721_200530,dataset_a,seojin,1,0.9865482449531555,1,1
LOSO,seojin,XGBoost,B1_time,dataset_a:imu_20260721_200553,dataset_a,seojin,1,0.9865482449531555,1,1
LOSO,seojin,XGBoost,B1_time,dataset_a:imu_20260721_200617,dataset_a,seojin,1,0.9865482449531555,1,1
LOSO,seojin,XGBoost,B1_time,dataset_a:imu_20260721_200642,dataset_a,seojin,1,0.9865482449531555,1,1
LOSO,seojin,XGBoost,B1_time,dataset_a:imu_20260721_200826,dataset_a,seojin,1,0.9865482449531555,1,1
LOSO,seojin,XGBoost,B1_time,dataset_a:imu_20260721_200851,dataset_a,seojin,1,0.9865482449531555,1,1
LOSO,seojin,XGBoost,B1_time,dataset_a:imu_20260721_201011,dataset_a,seojin,1,0.9865482449531555,1,1
LOSO,seojin,XGBoost,B1_time,dataset_a:imu_20260721_201034,dataset_a,seojin,1,0.9865482449531555,1,1
LOSO,seojin,XGBoost,B1_time,dataset_a:imu_20260721_201110,dataset_a,seojin,1,0.9865482449531555,1,1
LOSO,seojin,XGBoost,B1_time,dataset_a:imu_20260721_201149,dataset_a,seojin,1,0.9865482449531555,1,1
LOSO,seojin,XGBoost,B1_time,dataset_a:imu_20260721_201211,dataset_a,seojin,1,0.9865482449531555,1,1
LOSO,seojin,XGBoost,B1_time,dataset_a:imu_20260721_201234,dataset_a,seojin,1,0.9865482449531555,1,1
LOSO,seojin,XGBoost,B1_time,dataset_a:imu_20260721_201256,dataset_a,seojin,1,0.9865482449531555,1,1
LOSO,seojin,XGBoost,B1_time,dataset_a:imu_20260721_201318,dataset_a,seojin,1,0.9865482449531555,1,1
LOSO,seojin,LightGBM,B2_time_frequency,dataset_a:imu_20260721_201428,dataset_a,seojin,0,0.0014995492432622532,0,1
LOSO,seojin,LightGBM,B2_time_frequency,dataset_a:imu_20260721_201455,dataset_a,seojin,0,0.0014995492432622532,0,1
LOSO,seojin,LightGBM,B2_time_frequency,dataset_a:imu_20260721_201609,dataset_a,seojin,0,0.0014995492432622532,0,1
LOSO,seojin,LightGBM,B2_time_frequency,dataset_a:imu_20260721_201735,dataset_a,seojin,0,0.0014995492432622532,0,1
LOSO,seojin,LightGBM,B2_time_frequency,dataset_a:imu_20260721_201808,dataset_a,seojin,0,0.0014995492432622532,0,1
LOSO,seojin,LightGBM,B2_time_frequency,dataset_a:imu_20260721_201832,dataset_a,seojin,0,0.0014995492432622532,0,1
LOSO,seojin,LightGBM,B2_time_frequency,dataset_a:imu_20260721_201855,dataset_a,seojin,0,0.0014995492432622532,0,1
LOSO,seojin,LightGBM,B2_time_frequency,dataset_a:imu_20260721_201917,dataset_a,seojin,0,0.0014995492432622532,0,1
LOSO,seojin,LightGBM,B2_time_frequency,dataset_a:imu_20260721_201938,dataset_a,seojin,0,0.0014995492432622532,0,1
LOSO,seojin,LightGBM,B2_time_frequency,dataset_a:imu_20260721_202000,dataset_a,seojin,0,0.0014995492432622532,0,1
LOSO,seojin,LightGBM,B2_time_frequency,dataset_a:imu_20260721_202022,dataset_a,seojin,0,0.0014995492432622532,0,1
LOSO,seojin,LightGBM,B2_time_frequency,dataset_a:imu_20260721_202043,dataset_a,seojin,0,0.0014995492432622532,0,1
LOSO,seojin,LightGBM,B2_time_frequency,dataset_a:imu_20260721_202111,dataset_a,seojin,0,0.0014995492432622532,0,1
LOSO,seojin,LightGBM,B2_time_frequency,dataset_a:imu_20260721_202136,dataset_a,seojin,0,0.0014995492432622532,0,1
LOSO,seojin,LightGBM,B2_time_frequency,dataset_a:imu_20260721_202205,dataset_a,seojin,0,0.0014995492432622532,0,1
LOSO,seojin,LightGBM,B2_time_frequency,dataset_a:imu_20260721_202252,dataset_a,seojin,0,0.0014995492432622532,0,1
LOSO,seojin,LightGBM,B2_time_frequency,dataset_a:imu_20260721_202326,dataset_a,seojin,0,0.0014995492432622532,0,1
LOSO,seojin,LightGBM,B2_time_frequency,dataset_a:imu_20260721_202355,dataset_a,seojin,0,0.0014995492432622532,0,1
LOSO,seojin,LightGBM,B2_time_frequency,dataset_a:imu_20260721_202446,dataset_a,seojin,0,0.0014995492432622532,0,1
LOSO,seojin,LightGBM,B2_time_frequency,dataset_a:imu_20260721_202508,dataset_a,seojin,0,0.0014995492432622532,0,1
LOSO,seojin,LightGBM,B2_time_frequency,dataset_a:imu_20260721_202529,dataset_a,seojin,0,0.0014995492432622532,0,1
LOSO,seojin,LightGBM,B2_time_frequency,dataset_a:imu_20260721_202550,dataset_a,seojin,0,0.0014995492432622532,0,1
LOSO,seojin,LightGBM,B2_time_frequency,dataset_a:imu_20260721_202613,dataset_a,seojin,0,0.0014995492432622532,0,1
LOSO,seojin,LightGBM,B2_time_frequency,dataset_a:imu_20260721_202634,dataset_a,seojin,0,0.0014995492432622532,0,1
LOSO,seojin,LightGBM,B2_time_frequency,dataset_a:imu_20260721_202704,dataset_a,seojin,0,0.0014995492432622532,0,1
LOSO,seojin,LightGBM,B2_time_frequency,dataset_a:imu_20260721_195856,dataset_a,seojin,1,0.9984533533897643,1,1
LOSO,seojin,LightGBM,B2_time_frequency,dataset_a:imu_20260721_200002,dataset_a,seojin,1,0.9984533533897643,1,1
LOSO,seojin,LightGBM,B2_time_frequency,dataset_a:imu_20260721_200033,dataset_a,seojin,1,0.9984533533897643,1,1
LOSO,seojin,LightGBM,B2_time_frequency,dataset_a:imu_20260721_200059,dataset_a,seojin,1,0.9984533533897643,1,1
LOSO,seojin,LightGBM,B2_time_frequency,dataset_a:imu_20260721_200128,dataset_a,seojin,1,0.9984533533897643,1,1
LOSO,seojin,LightGBM,B2_time_frequency,dataset_a:imu_20260721_200152,dataset_a,seojin,1,0.9984533533897643,1,1
LOSO,seojin,LightGBM,B2_time_frequency,dataset_a:imu_20260721_200233,dataset_a,seojin,1,0.9984533533897643,1,1
LOSO,seojin,LightGBM,B2_time_frequency,dataset_a:imu_20260721_200256,dataset_a,seojin,1,0.9984533533897643,1,1
LOSO,seojin,LightGBM,B2_time_frequency,dataset_a:imu_20260721_200321,dataset_a,seojin,1,0.9984533533897643,1,1
LOSO,seojin,LightGBM,B2_time_frequency,dataset_a:imu_20260721_200433,dataset_a,seojin,1,0.9984533533897643,1,1
LOSO,seojin,LightGBM,B2_time_frequency,dataset_a:imu_20260721_200508,dataset_a,seojin,1,0.9984533533897643,1,1
LOSO,seojin,LightGBM,B2_time_frequency,dataset_a:imu_20260721_200530,dataset_a,seojin,1,0.9984533533897643,1,1
LOSO,seojin,LightGBM,B2_time_frequency,dataset_a:imu_20260721_200553,dataset_a,seojin,1,0.9984533533897643,1,1
LOSO,seojin,LightGBM,B2_time_frequency,dataset_a:imu_20260721_200617,dataset_a,seojin,1,0.9984533533897643,1,1
LOSO,seojin,LightGBM,B2_time_frequency,dataset_a:imu_20260721_200642,dataset_a,seojin,1,0.9984533533897643,1,1
LOSO,seojin,LightGBM,B2_time_frequency,dataset_a:imu_20260721_200826,dataset_a,seojin,1,0.9984533533897643,1,1
LOSO,seojin,LightGBM,B2_time_frequency,dataset_a:imu_20260721_200851,dataset_a,seojin,1,0.9984533533897643,1,1
LOSO,seojin,LightGBM,B2_time_frequency,dataset_a:imu_20260721_201011,dataset_a,seojin,1,0.9984533533897643,1,1
LOSO,seojin,LightGBM,B2_time_frequency,dataset_a:imu_20260721_201034,dataset_a,seojin,1,0.9984533533897643,1,1
LOSO,seojin,LightGBM,B2_time_frequency,dataset_a:imu_20260721_201110,dataset_a,seojin,1,0.9984533533897643,1,1
LOSO,seojin,LightGBM,B2_time_frequency,dataset_a:imu_20260721_201149,dataset_a,seojin,1,0.9984533533897643,1,1
LOSO,seojin,LightGBM,B2_time_frequency,dataset_a:imu_20260721_201211,dataset_a,seojin,1,0.9984533533897643,1,1
LOSO,seojin,LightGBM,B2_time_frequency,dataset_a:imu_20260721_201234,dataset_a,seojin,1,0.9984533533897643,1,1
LOSO,seojin,LightGBM,B2_time_frequency,dataset_a:imu_20260721_201256,dataset_a,seojin,1,0.9984533533897643,1,1
LOSO,seojin,LightGBM,B2_time_frequency,dataset_a:imu_20260721_201318,dataset_a,seojin,1,0.9984533533897643,1,1
LOSO,seojin,XGBoost,B2_time_frequency,dataset_a:imu_20260721_201428,dataset_a,seojin,0,0.012708102352917194,0,1
LOSO,seojin,XGBoost,B2_time_frequency,dataset_a:imu_20260721_201455,dataset_a,seojin,0,0.012708102352917194,0,1
LOSO,seojin,XGBoost,B2_time_frequency,dataset_a:imu_20260721_201609,dataset_a,seojin,0,0.012708102352917194,0,1
LOSO,seojin,XGBoost,B2_time_frequency,dataset_a:imu_20260721_201735,dataset_a,seojin,0,0.012708102352917194,0,1
LOSO,seojin,XGBoost,B2_time_frequency,dataset_a:imu_20260721_201808,dataset_a,seojin,0,0.012708102352917194,0,1
LOSO,seojin,XGBoost,B2_time_frequency,dataset_a:imu_20260721_201832,dataset_a,seojin,0,0.012708102352917194,0,1
LOSO,seojin,XGBoost,B2_time_frequency,dataset_a:imu_20260721_201855,dataset_a,seojin,0,0.012708102352917194,0,1
LOSO,seojin,XGBoost,B2_time_frequency,dataset_a:imu_20260721_201917,dataset_a,seojin,0,0.012708102352917194,0,1
LOSO,seojin,XGBoost,B2_time_frequency,dataset_a:imu_20260721_201938,dataset_a,seojin,0,0.012708102352917194,0,1
LOSO,seojin,XGBoost,B2_time_frequency,dataset_a:imu_20260721_202000,dataset_a,seojin,0,0.012708102352917194,0,1
LOSO,seojin,XGBoost,B2_time_frequency,dataset_a:imu_20260721_202022,dataset_a,seojin,0,0.013218386098742485,0,1
LOSO,seojin,XGBoost,B2_time_frequency,dataset_a:imu_20260721_202043,dataset_a,seojin,0,0.012708102352917194,0,1
LOSO,seojin,XGBoost,B2_time_frequency,dataset_a:imu_20260721_202111,dataset_a,seojin,0,0.012708102352917194,0,1
LOSO,seojin,XGBoost,B2_time_frequency,dataset_a:imu_20260721_202136,dataset_a,seojin,0,0.012708102352917194,0,1
LOSO,seojin,XGBoost,B2_time_frequency,dataset_a:imu_20260721_202205,dataset_a,seojin,0,0.014067727141082287,0,1
LOSO,seojin,XGBoost,B2_time_frequency,dataset_a:imu_20260721_202252,dataset_a,seojin,0,0.012708102352917194,0,1
LOSO,seojin,XGBoost,B2_time_frequency,dataset_a:imu_20260721_202326,dataset_a,seojin,0,0.012708102352917194,0,1
LOSO,seojin,XGBoost,B2_time_frequency,dataset_a:imu_20260721_202355,dataset_a,seojin,0,0.012708102352917194,0,1
LOSO,seojin,XGBoost,B2_time_frequency,dataset_a:imu_20260721_202446,dataset_a,seojin,0,0.012708102352917194,0,1
LOSO,seojin,XGBoost,B2_time_frequency,dataset_a:imu_20260721_202508,dataset_a,seojin,0,0.012708102352917194,0,1
LOSO,seojin,XGBoost,B2_time_frequency,dataset_a:imu_20260721_202529,dataset_a,seojin,0,0.012708102352917194,0,1
LOSO,seojin,XGBoost,B2_time_frequency,dataset_a:imu_20260721_202550,dataset_a,seojin,0,0.012708102352917194,0,1
LOSO,seojin,XGBoost,B2_time_frequency,dataset_a:imu_20260721_202613,dataset_a,seojin,0,0.012708102352917194,0,1
LOSO,seojin,XGBoost,B2_time_frequency,dataset_a:imu_20260721_202634,dataset_a,seojin,0,0.012708102352917194,0,1
LOSO,seojin,XGBoost,B2_time_frequency,dataset_a:imu_20260721_202704,dataset_a,seojin,0,0.012708102352917194,0,1
LOSO,seojin,XGBoost,B2_time_frequency,dataset_a:imu_20260721_195856,dataset_a,seojin,1,0.9865120649337769,1,1
LOSO,seojin,XGBoost,B2_time_frequency,dataset_a:imu_20260721_200002,dataset_a,seojin,1,0.9865120649337769,1,1
LOSO,seojin,XGBoost,B2_time_frequency,dataset_a:imu_20260721_200033,dataset_a,seojin,1,0.9865120649337769,1,1
LOSO,seojin,XGBoost,B2_time_frequency,dataset_a:imu_20260721_200059,dataset_a,seojin,1,0.9865120649337769,1,1
LOSO,seojin,XGBoost,B2_time_frequency,dataset_a:imu_20260721_200128,dataset_a,seojin,1,0.9865120649337769,1,1
LOSO,seojin,XGBoost,B2_time_frequency,dataset_a:imu_20260721_200152,dataset_a,seojin,1,0.9859709143638611,1,1
LOSO,seojin,XGBoost,B2_time_frequency,dataset_a:imu_20260721_200233,dataset_a,seojin,1,0.9865120649337769,1,1
LOSO,seojin,XGBoost,B2_time_frequency,dataset_a:imu_20260721_200256,dataset_a,seojin,1,0.9865120649337769,1,1
LOSO,seojin,XGBoost,B2_time_frequency,dataset_a:imu_20260721_200321,dataset_a,seojin,1,0.9865120649337769,1,1
LOSO,seojin,XGBoost,B2_time_frequency,dataset_a:imu_20260721_200433,dataset_a,seojin,1,0.9865120649337769,1,1
LOSO,seojin,XGBoost,B2_time_frequency,dataset_a:imu_20260721_200508,dataset_a,seojin,1,0.9865120649337769,1,1
LOSO,seojin,XGBoost,B2_time_frequency,dataset_a:imu_20260721_200530,dataset_a,seojin,1,0.9865120649337769,1,1
LOSO,seojin,XGBoost,B2_time_frequency,dataset_a:imu_20260721_200553,dataset_a,seojin,1,0.9865120649337769,1,1
LOSO,seojin,XGBoost,B2_time_frequency,dataset_a:imu_20260721_200617,dataset_a,seojin,1,0.9865120649337769,1,1
LOSO,seojin,XGBoost,B2_time_frequency,dataset_a:imu_20260721_200642,dataset_a,seojin,1,0.9865120649337769,1,1
LOSO,seojin,XGBoost,B2_time_frequency,dataset_a:imu_20260721_200826,dataset_a,seojin,1,0.9865120649337769,1,1
LOSO,seojin,XGBoost,B2_time_frequency,dataset_a:imu_20260721_200851,dataset_a,seojin,1,0.9865120649337769,1,1
LOSO,seojin,XGBoost,B2_time_frequency,dataset_a:imu_20260721_201011,dataset_a,seojin,1,0.9865120649337769,1,1
LOSO,seojin,XGBoost,B2_time_frequency,dataset_a:imu_20260721_201034,dataset_a,seojin,1,0.9865120649337769,1,1
LOSO,seojin,XGBoost,B2_time_frequency,dataset_a:imu_20260721_201110,dataset_a,seojin,1,0.9865120649337769,1,1
LOSO,seojin,XGBoost,B2_time_frequency,dataset_a:imu_20260721_201149,dataset_a,seojin,1,0.9865120649337769,1,1
LOSO,seojin,XGBoost,B2_time_frequency,dataset_a:imu_20260721_201211,dataset_a,seojin,1,0.9865120649337769,1,1
LOSO,seojin,XGBoost,B2_time_frequency,dataset_a:imu_20260721_201234,dataset_a,seojin,1,0.9865120649337769,1,1
LOSO,seojin,XGBoost,B2_time_frequency,dataset_a:imu_20260721_201256,dataset_a,seojin,1,0.9865120649337769,1,1
LOSO,seojin,XGBoost,B2_time_frequency,dataset_a:imu_20260721_201318,dataset_a,seojin,1,0.9865120649337769,1,1
cross_dataset,dataset_a_to_dataset_b,LightGBM,B1_time,dataset_b:anna_still_01,dataset_b,anna,0,0.0014164301704514973,0,1
cross_dataset,dataset_a_to_dataset_b,LightGBM,B1_time,dataset_b:anna_still_02,dataset_b,anna,0,0.0014164301704514973,0,1
cross_dataset,dataset_a_to_dataset_b,LightGBM,B1_time,dataset_b:anna_still_03,dataset_b,anna,0,0.0014164301704514973,0,1
cross_dataset,dataset_a_to_dataset_b,LightGBM,B1_time,dataset_b:anna_still_04,dataset_b,anna,0,0.0014164301704514973,0,1
cross_dataset,dataset_a_to_dataset_b,LightGBM,B1_time,dataset_b:anna_still_05,dataset_b,anna,0,0.004287929087049662,0,1
cross_dataset,dataset_a_to_dataset_b,LightGBM,B1_time,dataset_b:anna_still_06,dataset_b,anna,0,0.0014164301704514973,0,1
cross_dataset,dataset_a_to_dataset_b,LightGBM,B1_time,dataset_b:anna_still_07,dataset_b,anna,0,0.0014164301704514973,0,1
cross_dataset,dataset_a_to_dataset_b,LightGBM,B1_time,dataset_b:anna_still_08,dataset_b,anna,0,0.0452634732158521,0,1
cross_dataset,dataset_a_to_dataset_b,LightGBM,B1_time,dataset_b:anna_still_09,dataset_b,anna,0,0.0014164301704514973,0,1
cross_dataset,dataset_a_to_dataset_b,LightGBM,B1_time,dataset_b:anna_still_10,dataset_b,anna,0,0.0014164301704514973,0,1
cross_dataset,dataset_a_to_dataset_b,LightGBM,B1_time,dataset_b:anna_still_11,dataset_b,anna,0,0.0014164301704514973,0,1
cross_dataset,dataset_a_to_dataset_b,LightGBM,B1_time,dataset_b:anna_still_12,dataset_b,anna,0,0.0014164301704514973,0,1
cross_dataset,dataset_a_to_dataset_b,LightGBM,B1_time,dataset_b:anna_still_13,dataset_b,anna,0,0.0014164301704514973,0,1
cross_dataset,dataset_a_to_dataset_b,LightGBM,B1_time,dataset_b:anna_still_14,dataset_b,anna,0,0.0014164301704514973,0,1
cross_dataset,dataset_a_to_dataset_b,LightGBM,B1_time,dataset_b:anna_still_15,dataset_b,anna,0,0.0014164301704514973,0,1
cross_dataset,dataset_a_to_dataset_b,LightGBM,B1_time,dataset_b:anna_still_16,dataset_b,anna,0,0.0014973683133005927,0,1
cross_dataset,dataset_a_to_dataset_b,LightGBM,B1_time,dataset_b:anna_still_17,dataset_b,anna,0,0.0014164301704514973,0,1
cross_dataset,dataset_a_to_dataset_b,LightGBM,B1_time,dataset_b:anna_still_18,dataset_b,anna,0,0.014983780338005438,0,1
cross_dataset,dataset_a_to_dataset_b,LightGBM,B1_time,dataset_b:anna_still_19,dataset_b,anna,0,0.0016679865092955612,0,1
cross_dataset,dataset_a_to_dataset_b,LightGBM,B1_time,dataset_b:anna_still_20,dataset_b,anna,0,0.0014164301704514973,0,1
cross_dataset,dataset_a_to_dataset_b,LightGBM,B1_time,dataset_b:anna_tremor_01,dataset_b,anna,1,0.998341183476438,1,1
cross_dataset,dataset_a_to_dataset_b,LightGBM,B1_time,dataset_b:anna_tremor_02,dataset_b,anna,1,0.9984542708451064,1,1
cross_dataset,dataset_a_to_dataset_b,LightGBM,B1_time,dataset_b:anna_tremor_03,dataset_b,anna,1,0.9983049887267132,1,1
cross_dataset,dataset_a_to_dataset_b,LightGBM,B1_time,dataset_b:anna_tremor_04,dataset_b,anna,1,0.9984542708451064,1,1
cross_dataset,dataset_a_to_dataset_b,LightGBM,B1_time,dataset_b:anna_tremor_05,dataset_b,anna,1,0.9983727068617534,1,1
cross_dataset,dataset_a_to_dataset_b,LightGBM,B1_time,dataset_b:anna_tremor_06,dataset_b,anna,1,0.9984542708451064,1,1
cross_dataset,dataset_a_to_dataset_b,LightGBM,B1_time,dataset_b:anna_tremor_07,dataset_b,anna,1,0.9984086615143257,1,1
cross_dataset,dataset_a_to_dataset_b,LightGBM,B1_time,dataset_b:anna_tremor_08,dataset_b,anna,1,0.9984193450568898,1,1
cross_dataset,dataset_a_to_dataset_b,LightGBM,B1_time,dataset_b:anna_tremor_09,dataset_b,anna,1,0.9984193450568898,1,1
cross_dataset,dataset_a_to_dataset_b,LightGBM,B1_time,dataset_b:anna_tremor_10,dataset_b,anna,1,0.9984193450568898,1,1
cross_dataset,dataset_a_to_dataset_b,LightGBM,B1_time,dataset_b:anna_tremor_11,dataset_b,anna,1,0.9984086615143257,1,1
cross_dataset,dataset_a_to_dataset_b,LightGBM,B1_time,dataset_b:anna_tremor_12,dataset_b,anna,1,0.9982998692126699,1,1
cross_dataset,dataset_a_to_dataset_b,LightGBM,B1_time,dataset_b:anna_tremor_13,dataset_b,anna,1,0.9948322365382355,1,1
cross_dataset,dataset_a_to_dataset_b,LightGBM,B1_time,dataset_b:anna_tremor_14,dataset_b,anna,1,0.9984193450568898,1,1
cross_dataset,dataset_a_to_dataset_b,LightGBM,B1_time,dataset_b:anna_tremor_15,dataset_b,anna,1,0.9959171636268047,1,1
cross_dataset,dataset_a_to_dataset_b,LightGBM,B1_time,dataset_b:anna_tremor_16,dataset_b,anna,1,0.9984193450568898,1,1
cross_dataset,dataset_a_to_dataset_b,LightGBM,B1_time,dataset_b:anna_tremor_17,dataset_b,anna,1,0.9984542708451064,1,1
cross_dataset,dataset_a_to_dataset_b,LightGBM,B1_time,dataset_b:anna_tremor_18,dataset_b,anna,1,0.9980781809032662,1,1
cross_dataset,dataset_a_to_dataset_b,LightGBM,B1_time,dataset_b:anna_tremor_19,dataset_b,anna,1,0.9984542708451064,1,1
cross_dataset,dataset_a_to_dataset_b,LightGBM,B1_time,dataset_b:anna_tremor_20,dataset_b,anna,1,0.9959171636268047,1,1
cross_dataset,dataset_a_to_dataset_b,LightGBM,B1_time,dataset_b:mu_still_01,dataset_b,mu,0,0.0014164301704514973,0,1
cross_dataset,dataset_a_to_dataset_b,LightGBM,B1_time,dataset_b:mu_still_02,dataset_b,mu,0,0.0014164301704514973,0,1
cross_dataset,dataset_a_to_dataset_b,LightGBM,B1_time,dataset_b:mu_still_03,dataset_b,mu,0,0.0014164301704514973,0,1
cross_dataset,dataset_a_to_dataset_b,LightGBM,B1_time,dataset_b:mu_still_04,dataset_b,mu,0,0.0014164301704514973,0,1
cross_dataset,dataset_a_to_dataset_b,LightGBM,B1_time,dataset_b:mu_still_05,dataset_b,mu,0,0.0014164301704514973,0,1
cross_dataset,dataset_a_to_dataset_b,LightGBM,B1_time,dataset_b:mu_still_06,dataset_b,mu,0,0.0014164301704514973,0,1
cross_dataset,dataset_a_to_dataset_b,LightGBM,B1_time,dataset_b:mu_still_07,dataset_b,mu,0,0.0014164301704514973,0,1
cross_dataset,dataset_a_to_dataset_b,LightGBM,B1_time,dataset_b:mu_still_08,dataset_b,mu,0,0.0041503377223104185,0,1
cross_dataset,dataset_a_to_dataset_b,LightGBM,B1_time,dataset_b:mu_still_09,dataset_b,mu,0,0.0014973683133005927,0,1
cross_dataset,dataset_a_to_dataset_b,LightGBM,B1_time,dataset_b:mu_still_10,dataset_b,mu,0,0.001660265363110003,0,1
cross_dataset,dataset_a_to_dataset_b,LightGBM,B1_time,dataset_b:mu_still_11,dataset_b,mu,0,0.0014164301704514973,0,1
cross_dataset,dataset_a_to_dataset_b,LightGBM,B1_time,dataset_b:mu_still_12,dataset_b,mu,0,0.0014164301704514973,0,1
cross_dataset,dataset_a_to_dataset_b,LightGBM,B1_time,dataset_b:mu_still_13,dataset_b,mu,0,0.003886776547209535,0,1
cross_dataset,dataset_a_to_dataset_b,LightGBM,B1_time,dataset_b:mu_still_14,dataset_b,mu,0,0.0014164301704514973,0,1
cross_dataset,dataset_a_to_dataset_b,LightGBM,B1_time,dataset_b:mu_still_15,dataset_b,mu,0,0.0014164301704514973,0,1
cross_dataset,dataset_a_to_dataset_b,LightGBM,B1_time,dataset_b:mu_still_16,dataset_b,mu,0,0.0014164301704514973,0,1
cross_dataset,dataset_a_to_dataset_b,LightGBM,B1_time,dataset_b:mu_still_17,dataset_b,mu,0,0.0014164301704514973,0,1
cross_dataset,dataset_a_to_dataset_b,LightGBM,B1_time,dataset_b:mu_still_18,dataset_b,mu,0,0.9872663012750466,1,0
cross_dataset,dataset_a_to_dataset_b,LightGBM,B1_time,dataset_b:mu_still_19,dataset_b,mu,0,0.0014164301704514973,0,1
cross_dataset,dataset_a_to_dataset_b,LightGBM,B1_time,dataset_b:mu_still_20,dataset_b,mu,0,0.0014164301704514973,0,1
cross_dataset,dataset_a_to_dataset_b,LightGBM,B1_time,dataset_b:mu_tremor_01,dataset_b,mu,1,0.9983727068617534,1,1
cross_dataset,dataset_a_to_dataset_b,LightGBM,B1_time,dataset_b:mu_tremor_02,dataset_b,mu,1,0.9979356224619046,1,1
cross_dataset,dataset_a_to_dataset_b,LightGBM,B1_time,dataset_b:mu_tremor_03,dataset_b,mu,1,0.9984542708451064,1,1
cross_dataset,dataset_a_to_dataset_b,LightGBM,B1_time,dataset_b:mu_tremor_04,dataset_b,mu,1,0.9978817113176817,1,1
cross_dataset,dataset_a_to_dataset_b,LightGBM,B1_time,dataset_b:mu_tremor_05,dataset_b,mu,1,0.998174480267971,1,1
cross_dataset,dataset_a_to_dataset_b,LightGBM,B1_time,dataset_b:mu_tremor_06,dataset_b,mu,1,0.9979356224619046,1,1
cross_dataset,dataset_a_to_dataset_b,LightGBM,B1_time,dataset_b:mu_tremor_07,dataset_b,mu,1,0.9984542708451064,1,1
cross_dataset,dataset_a_to_dataset_b,LightGBM,B1_time,dataset_b:mu_tremor_08,dataset_b,mu,1,0.9976918054066649,1,1
cross_dataset,dataset_a_to_dataset_b,LightGBM,B1_time,dataset_b:mu_tremor_09,dataset_b,mu,1,0.9980114181264201,1,1
cross_dataset,dataset_a_to_dataset_b,LightGBM,B1_time,dataset_b:mu_tremor_10,dataset_b,mu,1,0.9978192445573439,1,1
cross_dataset,dataset_a_to_dataset_b,LightGBM,B1_time,dataset_b:mu_tremor_11,dataset_b,mu,1,0.9982787260846226,1,1
cross_dataset,dataset_a_to_dataset_b,LightGBM,B1_time,dataset_b:mu_tremor_12,dataset_b,mu,1,0.9983165796081865,1,1
cross_dataset,dataset_a_to_dataset_b,LightGBM,B1_time,dataset_b:mu_tremor_13,dataset_b,mu,1,0.9984542708451064,1,1
cross_dataset,dataset_a_to_dataset_b,LightGBM,B1_time,dataset_b:mu_tremor_14,dataset_b,mu,1,0.9984086615143257,1,1
cross_dataset,dataset_a_to_dataset_b,LightGBM,B1_time,dataset_b:mu_tremor_15,dataset_b,mu,1,0.9984542708451064,1,1
cross_dataset,dataset_a_to_dataset_b,LightGBM,B1_time,dataset_b:mu_tremor_16,dataset_b,mu,1,0.9980553398184405,1,1
cross_dataset,dataset_a_to_dataset_b,LightGBM,B1_time,dataset_b:mu_tremor_17,dataset_b,mu,1,0.9978747421152726,1,1
cross_dataset,dataset_a_to_dataset_b,LightGBM,B1_time,dataset_b:mu_tremor_18,dataset_b,mu,1,0.9974500578544726,1,1
cross_dataset,dataset_a_to_dataset_b,LightGBM,B1_time,dataset_b:mu_tremor_19,dataset_b,mu,1,0.9972539045269098,1,1
cross_dataset,dataset_a_to_dataset_b,LightGBM,B1_time,dataset_b:mu_tremor_20,dataset_b,mu,1,0.9976918054066649,1,1
cross_dataset,dataset_a_to_dataset_b,XGBoost,B1_time,dataset_b:anna_still_01,dataset_b,anna,0,0.015055648051202297,0,1
cross_dataset,dataset_a_to_dataset_b,XGBoost,B1_time,dataset_b:anna_still_02,dataset_b,anna,0,0.015055648051202297,0,1
cross_dataset,dataset_a_to_dataset_b,XGBoost,B1_time,dataset_b:anna_still_03,dataset_b,anna,0,0.015055648051202297,0,1
cross_dataset,dataset_a_to_dataset_b,XGBoost,B1_time,dataset_b:anna_still_04,dataset_b,anna,0,0.015055648051202297,0,1
cross_dataset,dataset_a_to_dataset_b,XGBoost,B1_time,dataset_b:anna_still_05,dataset_b,anna,0,0.052781447768211365,0,1
cross_dataset,dataset_a_to_dataset_b,XGBoost,B1_time,dataset_b:anna_still_06,dataset_b,anna,0,0.015055648051202297,0,1
cross_dataset,dataset_a_to_dataset_b,XGBoost,B1_time,dataset_b:anna_still_07,dataset_b,anna,0,0.015055648051202297,0,1
cross_dataset,dataset_a_to_dataset_b,XGBoost,B1_time,dataset_b:anna_still_08,dataset_b,anna,0,0.1559358686208725,0,1
cross_dataset,dataset_a_to_dataset_b,XGBoost,B1_time,dataset_b:anna_still_09,dataset_b,anna,0,0.015055648051202297,0,1
cross_dataset,dataset_a_to_dataset_b,XGBoost,B1_time,dataset_b:anna_still_10,dataset_b,anna,0,0.015055648051202297,0,1
cross_dataset,dataset_a_to_dataset_b,XGBoost,B1_time,dataset_b:anna_still_11,dataset_b,anna,0,0.015055648051202297,0,1
cross_dataset,dataset_a_to_dataset_b,XGBoost,B1_time,dataset_b:anna_still_12,dataset_b,anna,0,0.015055648051202297,0,1
cross_dataset,dataset_a_to_dataset_b,XGBoost,B1_time,dataset_b:anna_still_13,dataset_b,anna,0,0.015055648051202297,0,1
cross_dataset,dataset_a_to_dataset_b,XGBoost,B1_time,dataset_b:anna_still_14,dataset_b,anna,0,0.015055648051202297,0,1
cross_dataset,dataset_a_to_dataset_b,XGBoost,B1_time,dataset_b:anna_still_15,dataset_b,anna,0,0.015055648051202297,0,1
cross_dataset,dataset_a_to_dataset_b,XGBoost,B1_time,dataset_b:anna_still_16,dataset_b,anna,0,0.020352156832814217,0,1
cross_dataset,dataset_a_to_dataset_b,XGBoost,B1_time,dataset_b:anna_still_17,dataset_b,anna,0,0.015055648051202297,0,1
cross_dataset,dataset_a_to_dataset_b,XGBoost,B1_time,dataset_b:anna_still_18,dataset_b,anna,0,0.05629247799515724,0,1
cross_dataset,dataset_a_to_dataset_b,XGBoost,B1_time,dataset_b:anna_still_19,dataset_b,anna,0,0.02467670850455761,0,1
cross_dataset,dataset_a_to_dataset_b,XGBoost,B1_time,dataset_b:anna_still_20,dataset_b,anna,0,0.015055648051202297,0,1
cross_dataset,dataset_a_to_dataset_b,XGBoost,B1_time,dataset_b:anna_tremor_01,dataset_b,anna,1,0.9843847751617432,1,1
cross_dataset,dataset_a_to_dataset_b,XGBoost,B1_time,dataset_b:anna_tremor_02,dataset_b,anna,1,0.9843847751617432,1,1
cross_dataset,dataset_a_to_dataset_b,XGBoost,B1_time,dataset_b:anna_tremor_03,dataset_b,anna,1,0.9843847751617432,1,1
cross_dataset,dataset_a_to_dataset_b,XGBoost,B1_time,dataset_b:anna_tremor_04,dataset_b,anna,1,0.9843847751617432,1,1
cross_dataset,dataset_a_to_dataset_b,XGBoost,B1_time,dataset_b:anna_tremor_05,dataset_b,anna,1,0.9843847751617432,1,1
cross_dataset,dataset_a_to_dataset_b,XGBoost,B1_time,dataset_b:anna_tremor_06,dataset_b,anna,1,0.9843847751617432,1,1
cross_dataset,dataset_a_to_dataset_b,XGBoost,B1_time,dataset_b:anna_tremor_07,dataset_b,anna,1,0.9843847751617432,1,1
cross_dataset,dataset_a_to_dataset_b,XGBoost,B1_time,dataset_b:anna_tremor_08,dataset_b,anna,1,0.9843847751617432,1,1
cross_dataset,dataset_a_to_dataset_b,XGBoost,B1_time,dataset_b:anna_tremor_09,dataset_b,anna,1,0.9843847751617432,1,1
cross_dataset,dataset_a_to_dataset_b,XGBoost,B1_time,dataset_b:anna_tremor_10,dataset_b,anna,1,0.9843847751617432,1,1
cross_dataset,dataset_a_to_dataset_b,XGBoost,B1_time,dataset_b:anna_tremor_11,dataset_b,anna,1,0.9843847751617432,1,1
cross_dataset,dataset_a_to_dataset_b,XGBoost,B1_time,dataset_b:anna_tremor_12,dataset_b,anna,1,0.9843847751617432,1,1
cross_dataset,dataset_a_to_dataset_b,XGBoost,B1_time,dataset_b:anna_tremor_13,dataset_b,anna,1,0.96394944190979,1,1
cross_dataset,dataset_a_to_dataset_b,XGBoost,B1_time,dataset_b:anna_tremor_14,dataset_b,anna,1,0.9843847751617432,1,1
cross_dataset,dataset_a_to_dataset_b,XGBoost,B1_time,dataset_b:anna_tremor_15,dataset_b,anna,1,0.9843847751617432,1,1
cross_dataset,dataset_a_to_dataset_b,XGBoost,B1_time,dataset_b:anna_tremor_16,dataset_b,anna,1,0.9837338924407959,1,1
cross_dataset,dataset_a_to_dataset_b,XGBoost,B1_time,dataset_b:anna_tremor_17,dataset_b,anna,1,0.9843847751617432,1,1
cross_dataset,dataset_a_to_dataset_b,XGBoost,B1_time,dataset_b:anna_tremor_18,dataset_b,anna,1,0.9843847751617432,1,1
cross_dataset,dataset_a_to_dataset_b,XGBoost,B1_time,dataset_b:anna_tremor_19,dataset_b,anna,1,0.9843847751617432,1,1
cross_dataset,dataset_a_to_dataset_b,XGBoost,B1_time,dataset_b:anna_tremor_20,dataset_b,anna,1,0.958134114742279,1,1
cross_dataset,dataset_a_to_dataset_b,XGBoost,B1_time,dataset_b:mu_still_01,dataset_b,mu,0,0.015055648051202297,0,1
cross_dataset,dataset_a_to_dataset_b,XGBoost,B1_time,dataset_b:mu_still_02,dataset_b,mu,0,0.01609981432557106,0,1
cross_dataset,dataset_a_to_dataset_b,XGBoost,B1_time,dataset_b:mu_still_03,dataset_b,mu,0,0.015055648051202297,0,1
cross_dataset,dataset_a_to_dataset_b,XGBoost,B1_time,dataset_b:mu_still_04,dataset_b,mu,0,0.015055648051202297,0,1
cross_dataset,dataset_a_to_dataset_b,XGBoost,B1_time,dataset_b:mu_still_05,dataset_b,mu,0,0.015055648051202297,0,1
cross_dataset,dataset_a_to_dataset_b,XGBoost,B1_time,dataset_b:mu_still_06,dataset_b,mu,0,0.015055648051202297,0,1
cross_dataset,dataset_a_to_dataset_b,XGBoost,B1_time,dataset_b:mu_still_07,dataset_b,mu,0,0.015055648051202297,0,1
cross_dataset,dataset_a_to_dataset_b,XGBoost,B1_time,dataset_b:mu_still_08,dataset_b,mu,0,0.02308933436870575,0,1
cross_dataset,dataset_a_to_dataset_b,XGBoost,B1_time,dataset_b:mu_still_09,dataset_b,mu,0,0.05074486881494522,0,1
cross_dataset,dataset_a_to_dataset_b,XGBoost,B1_time,dataset_b:mu_still_10,dataset_b,mu,0,0.019828174263238907,0,1
cross_dataset,dataset_a_to_dataset_b,XGBoost,B1_time,dataset_b:mu_still_11,dataset_b,mu,0,0.015055648051202297,0,1
cross_dataset,dataset_a_to_dataset_b,XGBoost,B1_time,dataset_b:mu_still_12,dataset_b,mu,0,0.015055648051202297,0,1
cross_dataset,dataset_a_to_dataset_b,XGBoost,B1_time,dataset_b:mu_still_13,dataset_b,mu,0,0.052781447768211365,0,1
cross_dataset,dataset_a_to_dataset_b,XGBoost,B1_time,dataset_b:mu_still_14,dataset_b,mu,0,0.01568354107439518,0,1
cross_dataset,dataset_a_to_dataset_b,XGBoost,B1_time,dataset_b:mu_still_15,dataset_b,mu,0,0.015055648051202297,0,1
cross_dataset,dataset_a_to_dataset_b,XGBoost,B1_time,dataset_b:mu_still_16,dataset_b,mu,0,0.015055648051202297,0,1
cross_dataset,dataset_a_to_dataset_b,XGBoost,B1_time,dataset_b:mu_still_17,dataset_b,mu,0,0.015055648051202297,0,1
cross_dataset,dataset_a_to_dataset_b,XGBoost,B1_time,dataset_b:mu_still_18,dataset_b,mu,0,0.18206289410591125,0,1
cross_dataset,dataset_a_to_dataset_b,XGBoost,B1_time,dataset_b:mu_still_19,dataset_b,mu,0,0.015055648051202297,0,1
cross_dataset,dataset_a_to_dataset_b,XGBoost,B1_time,dataset_b:mu_still_20,dataset_b,mu,0,0.015055648051202297,0,1
cross_dataset,dataset_a_to_dataset_b,XGBoost,B1_time,dataset_b:mu_tremor_01,dataset_b,mu,1,0.9843847751617432,1,1
cross_dataset,dataset_a_to_dataset_b,XGBoost,B1_time,dataset_b:mu_tremor_02,dataset_b,mu,1,0.9843847751617432,1,1
cross_dataset,dataset_a_to_dataset_b,XGBoost,B1_time,dataset_b:mu_tremor_03,dataset_b,mu,1,0.9843847751617432,1,1
cross_dataset,dataset_a_to_dataset_b,XGBoost,B1_time,dataset_b:mu_tremor_04,dataset_b,mu,1,0.9843847751617432,1,1
cross_dataset,dataset_a_to_dataset_b,XGBoost,B1_time,dataset_b:mu_tremor_05,dataset_b,mu,1,0.9843847751617432,1,1
cross_dataset,dataset_a_to_dataset_b,XGBoost,B1_time,dataset_b:mu_tremor_06,dataset_b,mu,1,0.9843847751617432,1,1
cross_dataset,dataset_a_to_dataset_b,XGBoost,B1_time,dataset_b:mu_tremor_07,dataset_b,mu,1,0.9843847751617432,1,1
cross_dataset,dataset_a_to_dataset_b,XGBoost,B1_time,dataset_b:mu_tremor_08,dataset_b,mu,1,0.9843847751617432,1,1
cross_dataset,dataset_a_to_dataset_b,XGBoost,B1_time,dataset_b:mu_tremor_09,dataset_b,mu,1,0.9843847751617432,1,1
cross_dataset,dataset_a_to_dataset_b,XGBoost,B1_time,dataset_b:mu_tremor_10,dataset_b,mu,1,0.9843847751617432,1,1
cross_dataset,dataset_a_to_dataset_b,XGBoost,B1_time,dataset_b:mu_tremor_11,dataset_b,mu,1,0.9843847751617432,1,1
cross_dataset,dataset_a_to_dataset_b,XGBoost,B1_time,dataset_b:mu_tremor_12,dataset_b,mu,1,0.9843847751617432,1,1
cross_dataset,dataset_a_to_dataset_b,XGBoost,B1_time,dataset_b:mu_tremor_13,dataset_b,mu,1,0.9843847751617432,1,1
cross_dataset,dataset_a_to_dataset_b,XGBoost,B1_time,dataset_b:mu_tremor_14,dataset_b,mu,1,0.9843847751617432,1,1
cross_dataset,dataset_a_to_dataset_b,XGBoost,B1_time,dataset_b:mu_tremor_15,dataset_b,mu,1,0.9843847751617432,1,1
cross_dataset,dataset_a_to_dataset_b,XGBoost,B1_time,dataset_b:mu_tremor_16,dataset_b,mu,1,0.9843847751617432,1,1
cross_dataset,dataset_a_to_dataset_b,XGBoost,B1_time,dataset_b:mu_tremor_17,dataset_b,mu,1,0.9843847751617432,1,1
cross_dataset,dataset_a_to_dataset_b,XGBoost,B1_time,dataset_b:mu_tremor_18,dataset_b,mu,1,0.9843847751617432,1,1
cross_dataset,dataset_a_to_dataset_b,XGBoost,B1_time,dataset_b:mu_tremor_19,dataset_b,mu,1,0.9843847751617432,1,1
cross_dataset,dataset_a_to_dataset_b,XGBoost,B1_time,dataset_b:mu_tremor_20,dataset_b,mu,1,0.9843847751617432,1,1
cross_dataset,dataset_a_to_dataset_b,LightGBM,B2_time_frequency,dataset_b:anna_still_01,dataset_b,anna,0,0.0017959611865858045,0,1
cross_dataset,dataset_a_to_dataset_b,LightGBM,B2_time_frequency,dataset_b:anna_still_02,dataset_b,anna,0,0.0017959611865858045,0,1
cross_dataset,dataset_a_to_dataset_b,LightGBM,B2_time_frequency,dataset_b:anna_still_03,dataset_b,anna,0,0.0017959611865858045,0,1
cross_dataset,dataset_a_to_dataset_b,LightGBM,B2_time_frequency,dataset_b:anna_still_04,dataset_b,anna,0,0.0017959611865858045,0,1
cross_dataset,dataset_a_to_dataset_b,LightGBM,B2_time_frequency,dataset_b:anna_still_05,dataset_b,anna,0,0.0031956921310709223,0,1
cross_dataset,dataset_a_to_dataset_b,LightGBM,B2_time_frequency,dataset_b:anna_still_06,dataset_b,anna,0,0.0017959611865858045,0,1
cross_dataset,dataset_a_to_dataset_b,LightGBM,B2_time_frequency,dataset_b:anna_still_07,dataset_b,anna,0,0.0017959611865858045,0,1
cross_dataset,dataset_a_to_dataset_b,LightGBM,B2_time_frequency,dataset_b:anna_still_08,dataset_b,anna,0,0.01715853324820924,0,1
cross_dataset,dataset_a_to_dataset_b,LightGBM,B2_time_frequency,dataset_b:anna_still_09,dataset_b,anna,0,0.0017959611865858045,0,1
cross_dataset,dataset_a_to_dataset_b,LightGBM,B2_time_frequency,dataset_b:anna_still_10,dataset_b,anna,0,0.0017959611865858045,0,1
cross_dataset,dataset_a_to_dataset_b,LightGBM,B2_time_frequency,dataset_b:anna_still_11,dataset_b,anna,0,0.0017959611865858045,0,1
cross_dataset,dataset_a_to_dataset_b,LightGBM,B2_time_frequency,dataset_b:anna_still_12,dataset_b,anna,0,0.0017959611865858045,0,1
cross_dataset,dataset_a_to_dataset_b,LightGBM,B2_time_frequency,dataset_b:anna_still_13,dataset_b,anna,0,0.0017959611865858045,0,1
cross_dataset,dataset_a_to_dataset_b,LightGBM,B2_time_frequency,dataset_b:anna_still_14,dataset_b,anna,0,0.0017959611865858045,0,1
cross_dataset,dataset_a_to_dataset_b,LightGBM,B2_time_frequency,dataset_b:anna_still_15,dataset_b,anna,0,0.0017959611865858045,0,1
cross_dataset,dataset_a_to_dataset_b,LightGBM,B2_time_frequency,dataset_b:anna_still_16,dataset_b,anna,0,0.0017959611865858045,0,1
cross_dataset,dataset_a_to_dataset_b,LightGBM,B2_time_frequency,dataset_b:anna_still_17,dataset_b,anna,0,0.0017959611865858045,0,1
cross_dataset,dataset_a_to_dataset_b,LightGBM,B2_time_frequency,dataset_b:anna_still_18,dataset_b,anna,0,0.0035908201417868043,0,1
cross_dataset,dataset_a_to_dataset_b,LightGBM,B2_time_frequency,dataset_b:anna_still_19,dataset_b,anna,0,0.0019984971662802948,0,1
cross_dataset,dataset_a_to_dataset_b,LightGBM,B2_time_frequency,dataset_b:anna_still_20,dataset_b,anna,0,0.0017959611865858045,0,1
cross_dataset,dataset_a_to_dataset_b,LightGBM,B2_time_frequency,dataset_b:anna_tremor_01,dataset_b,anna,1,0.9981671067695431,1,1
cross_dataset,dataset_a_to_dataset_b,LightGBM,B2_time_frequency,dataset_b:anna_tremor_02,dataset_b,anna,1,0.9981671067695431,1,1
cross_dataset,dataset_a_to_dataset_b,LightGBM,B2_time_frequency,dataset_b:anna_tremor_03,dataset_b,anna,1,0.9981671067695431,1,1
cross_dataset,dataset_a_to_dataset_b,LightGBM,B2_time_frequency,dataset_b:anna_tremor_04,dataset_b,anna,1,0.9981671067695431,1,1
cross_dataset,dataset_a_to_dataset_b,LightGBM,B2_time_frequency,dataset_b:anna_tremor_05,dataset_b,anna,1,0.9981671067695431,1,1
cross_dataset,dataset_a_to_dataset_b,LightGBM,B2_time_frequency,dataset_b:anna_tremor_06,dataset_b,anna,1,0.9981671067695431,1,1
cross_dataset,dataset_a_to_dataset_b,LightGBM,B2_time_frequency,dataset_b:anna_tremor_07,dataset_b,anna,1,0.9981671067695431,1,1
cross_dataset,dataset_a_to_dataset_b,LightGBM,B2_time_frequency,dataset_b:anna_tremor_08,dataset_b,anna,1,0.9981671067695431,1,1
cross_dataset,dataset_a_to_dataset_b,LightGBM,B2_time_frequency,dataset_b:anna_tremor_09,dataset_b,anna,1,0.9981671067695431,1,1
cross_dataset,dataset_a_to_dataset_b,LightGBM,B2_time_frequency,dataset_b:anna_tremor_10,dataset_b,anna,1,0.9981671067695431,1,1
cross_dataset,dataset_a_to_dataset_b,LightGBM,B2_time_frequency,dataset_b:anna_tremor_11,dataset_b,anna,1,0.9981671067695431,1,1
cross_dataset,dataset_a_to_dataset_b,LightGBM,B2_time_frequency,dataset_b:anna_tremor_12,dataset_b,anna,1,0.9981671067695431,1,1
cross_dataset,dataset_a_to_dataset_b,LightGBM,B2_time_frequency,dataset_b:anna_tremor_13,dataset_b,anna,1,0.9967386858799108,1,1
cross_dataset,dataset_a_to_dataset_b,LightGBM,B2_time_frequency,dataset_b:anna_tremor_14,dataset_b,anna,1,0.9981671067695431,1,1
cross_dataset,dataset_a_to_dataset_b,LightGBM,B2_time_frequency,dataset_b:anna_tremor_15,dataset_b,anna,1,0.9967386858799108,1,1
cross_dataset,dataset_a_to_dataset_b,LightGBM,B2_time_frequency,dataset_b:anna_tremor_16,dataset_b,anna,1,0.9981671067695431,1,1
cross_dataset,dataset_a_to_dataset_b,LightGBM,B2_time_frequency,dataset_b:anna_tremor_17,dataset_b,anna,1,0.9981671067695431,1,1
cross_dataset,dataset_a_to_dataset_b,LightGBM,B2_time_frequency,dataset_b:anna_tremor_18,dataset_b,anna,1,0.9981671067695431,1,1
cross_dataset,dataset_a_to_dataset_b,LightGBM,B2_time_frequency,dataset_b:anna_tremor_19,dataset_b,anna,1,0.9981671067695431,1,1
cross_dataset,dataset_a_to_dataset_b,LightGBM,B2_time_frequency,dataset_b:anna_tremor_20,dataset_b,anna,1,0.9967386858799108,1,1
cross_dataset,dataset_a_to_dataset_b,LightGBM,B2_time_frequency,dataset_b:mu_still_01,dataset_b,mu,0,0.0017959611865858045,0,1
cross_dataset,dataset_a_to_dataset_b,LightGBM,B2_time_frequency,dataset_b:mu_still_02,dataset_b,mu,0,0.0017959611865858045,0,1
cross_dataset,dataset_a_to_dataset_b,LightGBM,B2_time_frequency,dataset_b:mu_still_03,dataset_b,mu,0,0.0017959611865858045,0,1
cross_dataset,dataset_a_to_dataset_b,LightGBM,B2_time_frequency,dataset_b:mu_still_04,dataset_b,mu,0,0.0017959611865858045,0,1
cross_dataset,dataset_a_to_dataset_b,LightGBM,B2_time_frequency,dataset_b:mu_still_05,dataset_b,mu,0,0.0017959611865858045,0,1
cross_dataset,dataset_a_to_dataset_b,LightGBM,B2_time_frequency,dataset_b:mu_still_06,dataset_b,mu,0,0.0017959611865858045,0,1
cross_dataset,dataset_a_to_dataset_b,LightGBM,B2_time_frequency,dataset_b:mu_still_07,dataset_b,mu,0,0.0017959611865858045,0,1
cross_dataset,dataset_a_to_dataset_b,LightGBM,B2_time_frequency,dataset_b:mu_still_08,dataset_b,mu,0,0.0018138249120935599,0,1
cross_dataset,dataset_a_to_dataset_b,LightGBM,B2_time_frequency,dataset_b:mu_still_09,dataset_b,mu,0,0.0017959611865858045,0,1
cross_dataset,dataset_a_to_dataset_b,LightGBM,B2_time_frequency,dataset_b:mu_still_10,dataset_b,mu,0,0.0017959611865858045,0,1
cross_dataset,dataset_a_to_dataset_b,LightGBM,B2_time_frequency,dataset_b:mu_still_11,dataset_b,mu,0,0.0017959611865858045,0,1
cross_dataset,dataset_a_to_dataset_b,LightGBM,B2_time_frequency,dataset_b:mu_still_12,dataset_b,mu,0,0.0017959611865858045,0,1
cross_dataset,dataset_a_to_dataset_b,LightGBM,B2_time_frequency,dataset_b:mu_still_13,dataset_b,mu,0,0.0031956921310709223,0,1
cross_dataset,dataset_a_to_dataset_b,LightGBM,B2_time_frequency,dataset_b:mu_still_14,dataset_b,mu,0,0.0017959611865858045,0,1
cross_dataset,dataset_a_to_dataset_b,LightGBM,B2_time_frequency,dataset_b:mu_still_15,dataset_b,mu,0,0.0017959611865858045,0,1
cross_dataset,dataset_a_to_dataset_b,LightGBM,B2_time_frequency,dataset_b:mu_still_16,dataset_b,mu,0,0.0017959611865858045,0,1
cross_dataset,dataset_a_to_dataset_b,LightGBM,B2_time_frequency,dataset_b:mu_still_17,dataset_b,mu,0,0.0017959611865858045,0,1
cross_dataset,dataset_a_to_dataset_b,LightGBM,B2_time_frequency,dataset_b:mu_still_18,dataset_b,mu,0,0.032228953511877365,0,1
cross_dataset,dataset_a_to_dataset_b,LightGBM,B2_time_frequency,dataset_b:mu_still_19,dataset_b,mu,0,0.0017959611865858045,0,1
cross_dataset,dataset_a_to_dataset_b,LightGBM,B2_time_frequency,dataset_b:mu_still_20,dataset_b,mu,0,0.0017959611865858045,0,1
cross_dataset,dataset_a_to_dataset_b,LightGBM,B2_time_frequency,dataset_b:mu_tremor_01,dataset_b,mu,1,0.9981671067695431,1,1
cross_dataset,dataset_a_to_dataset_b,LightGBM,B2_time_frequency,dataset_b:mu_tremor_02,dataset_b,mu,1,0.9981671067695431,1,1
cross_dataset,dataset_a_to_dataset_b,LightGBM,B2_time_frequency,dataset_b:mu_tremor_03,dataset_b,mu,1,0.9981671067695431,1,1
cross_dataset,dataset_a_to_dataset_b,LightGBM,B2_time_frequency,dataset_b:mu_tremor_04,dataset_b,mu,1,0.9981671067695431,1,1
cross_dataset,dataset_a_to_dataset_b,LightGBM,B2_time_frequency,dataset_b:mu_tremor_05,dataset_b,mu,1,0.9981671067695431,1,1
cross_dataset,dataset_a_to_dataset_b,LightGBM,B2_time_frequency,dataset_b:mu_tremor_06,dataset_b,mu,1,0.9981671067695431,1,1
cross_dataset,dataset_a_to_dataset_b,LightGBM,B2_time_frequency,dataset_b:mu_tremor_07,dataset_b,mu,1,0.9981671067695431,1,1
cross_dataset,dataset_a_to_dataset_b,LightGBM,B2_time_frequency,dataset_b:mu_tremor_08,dataset_b,mu,1,0.9981671067695431,1,1
cross_dataset,dataset_a_to_dataset_b,LightGBM,B2_time_frequency,dataset_b:mu_tremor_09,dataset_b,mu,1,0.9981671067695431,1,1
cross_dataset,dataset_a_to_dataset_b,LightGBM,B2_time_frequency,dataset_b:mu_tremor_10,dataset_b,mu,1,0.9981671067695431,1,1
cross_dataset,dataset_a_to_dataset_b,LightGBM,B2_time_frequency,dataset_b:mu_tremor_11,dataset_b,mu,1,0.9981671067695431,1,1
cross_dataset,dataset_a_to_dataset_b,LightGBM,B2_time_frequency,dataset_b:mu_tremor_12,dataset_b,mu,1,0.9981671067695431,1,1
cross_dataset,dataset_a_to_dataset_b,LightGBM,B2_time_frequency,dataset_b:mu_tremor_13,dataset_b,mu,1,0.9981671067695431,1,1
cross_dataset,dataset_a_to_dataset_b,LightGBM,B2_time_frequency,dataset_b:mu_tremor_14,dataset_b,mu,1,0.9981671067695431,1,1
cross_dataset,dataset_a_to_dataset_b,LightGBM,B2_time_frequency,dataset_b:mu_tremor_15,dataset_b,mu,1,0.9981671067695431,1,1
cross_dataset,dataset_a_to_dataset_b,LightGBM,B2_time_frequency,dataset_b:mu_tremor_16,dataset_b,mu,1,0.9981671067695431,1,1
cross_dataset,dataset_a_to_dataset_b,LightGBM,B2_time_frequency,dataset_b:mu_tremor_17,dataset_b,mu,1,0.9981671067695431,1,1
cross_dataset,dataset_a_to_dataset_b,LightGBM,B2_time_frequency,dataset_b:mu_tremor_18,dataset_b,mu,1,0.9981671067695431,1,1
cross_dataset,dataset_a_to_dataset_b,LightGBM,B2_time_frequency,dataset_b:mu_tremor_19,dataset_b,mu,1,0.9981671067695431,1,1
cross_dataset,dataset_a_to_dataset_b,LightGBM,B2_time_frequency,dataset_b:mu_tremor_20,dataset_b,mu,1,0.9981671067695431,1,1
cross_dataset,dataset_a_to_dataset_b,XGBoost,B2_time_frequency,dataset_b:anna_still_01,dataset_b,anna,0,0.01502971164882183,0,1
cross_dataset,dataset_a_to_dataset_b,XGBoost,B2_time_frequency,dataset_b:anna_still_02,dataset_b,anna,0,0.01502971164882183,0,1
cross_dataset,dataset_a_to_dataset_b,XGBoost,B2_time_frequency,dataset_b:anna_still_03,dataset_b,anna,0,0.01502971164882183,0,1
cross_dataset,dataset_a_to_dataset_b,XGBoost,B2_time_frequency,dataset_b:anna_still_04,dataset_b,anna,0,0.015694601461291313,0,1
cross_dataset,dataset_a_to_dataset_b,XGBoost,B2_time_frequency,dataset_b:anna_still_05,dataset_b,anna,0,0.06681143492460251,0,1
cross_dataset,dataset_a_to_dataset_b,XGBoost,B2_time_frequency,dataset_b:anna_still_06,dataset_b,anna,0,0.015694601461291313,0,1
cross_dataset,dataset_a_to_dataset_b,XGBoost,B2_time_frequency,dataset_b:anna_still_07,dataset_b,anna,0,0.015694601461291313,0,1
cross_dataset,dataset_a_to_dataset_b,XGBoost,B2_time_frequency,dataset_b:anna_still_08,dataset_b,anna,0,0.1632698029279709,0,1
cross_dataset,dataset_a_to_dataset_b,XGBoost,B2_time_frequency,dataset_b:anna_still_09,dataset_b,anna,0,0.015694601461291313,0,1
cross_dataset,dataset_a_to_dataset_b,XGBoost,B2_time_frequency,dataset_b:anna_still_10,dataset_b,anna,0,0.015694601461291313,0,1
cross_dataset,dataset_a_to_dataset_b,XGBoost,B2_time_frequency,dataset_b:anna_still_11,dataset_b,anna,0,0.015694601461291313,0,1
cross_dataset,dataset_a_to_dataset_b,XGBoost,B2_time_frequency,dataset_b:anna_still_12,dataset_b,anna,0,0.015694601461291313,0,1
cross_dataset,dataset_a_to_dataset_b,XGBoost,B2_time_frequency,dataset_b:anna_still_13,dataset_b,anna,0,0.015694601461291313,0,1
cross_dataset,dataset_a_to_dataset_b,XGBoost,B2_time_frequency,dataset_b:anna_still_14,dataset_b,anna,0,0.015694601461291313,0,1
cross_dataset,dataset_a_to_dataset_b,XGBoost,B2_time_frequency,dataset_b:anna_still_15,dataset_b,anna,0,0.015694601461291313,0,1
cross_dataset,dataset_a_to_dataset_b,XGBoost,B2_time_frequency,dataset_b:anna_still_16,dataset_b,anna,0,0.02120981365442276,0,1
cross_dataset,dataset_a_to_dataset_b,XGBoost,B2_time_frequency,dataset_b:anna_still_17,dataset_b,anna,0,0.015694601461291313,0,1
cross_dataset,dataset_a_to_dataset_b,XGBoost,B2_time_frequency,dataset_b:anna_still_18,dataset_b,anna,0,0.07118847966194153,0,1
cross_dataset,dataset_a_to_dataset_b,XGBoost,B2_time_frequency,dataset_b:anna_still_19,dataset_b,anna,0,0.028131762519478798,0,1
cross_dataset,dataset_a_to_dataset_b,XGBoost,B2_time_frequency,dataset_b:anna_still_20,dataset_b,anna,0,0.015694601461291313,0,1
cross_dataset,dataset_a_to_dataset_b,XGBoost,B2_time_frequency,dataset_b:anna_tremor_01,dataset_b,anna,1,0.9845094084739685,1,1
cross_dataset,dataset_a_to_dataset_b,XGBoost,B2_time_frequency,dataset_b:anna_tremor_02,dataset_b,anna,1,0.9845094084739685,1,1
cross_dataset,dataset_a_to_dataset_b,XGBoost,B2_time_frequency,dataset_b:anna_tremor_03,dataset_b,anna,1,0.9845094084739685,1,1
cross_dataset,dataset_a_to_dataset_b,XGBoost,B2_time_frequency,dataset_b:anna_tremor_04,dataset_b,anna,1,0.9845094084739685,1,1
cross_dataset,dataset_a_to_dataset_b,XGBoost,B2_time_frequency,dataset_b:anna_tremor_05,dataset_b,anna,1,0.9845094084739685,1,1
cross_dataset,dataset_a_to_dataset_b,XGBoost,B2_time_frequency,dataset_b:anna_tremor_06,dataset_b,anna,1,0.9845094084739685,1,1
cross_dataset,dataset_a_to_dataset_b,XGBoost,B2_time_frequency,dataset_b:anna_tremor_07,dataset_b,anna,1,0.9845094084739685,1,1
cross_dataset,dataset_a_to_dataset_b,XGBoost,B2_time_frequency,dataset_b:anna_tremor_08,dataset_b,anna,1,0.9838244915008545,1,1
cross_dataset,dataset_a_to_dataset_b,XGBoost,B2_time_frequency,dataset_b:anna_tremor_09,dataset_b,anna,1,0.9838244915008545,1,1
cross_dataset,dataset_a_to_dataset_b,XGBoost,B2_time_frequency,dataset_b:anna_tremor_10,dataset_b,anna,1,0.9845094084739685,1,1
cross_dataset,dataset_a_to_dataset_b,XGBoost,B2_time_frequency,dataset_b:anna_tremor_11,dataset_b,anna,1,0.9838244915008545,1,1
cross_dataset,dataset_a_to_dataset_b,XGBoost,B2_time_frequency,dataset_b:anna_tremor_12,dataset_b,anna,1,0.9845094084739685,1,1
cross_dataset,dataset_a_to_dataset_b,XGBoost,B2_time_frequency,dataset_b:anna_tremor_13,dataset_b,anna,1,0.9582819938659668,1,1
cross_dataset,dataset_a_to_dataset_b,XGBoost,B2_time_frequency,dataset_b:anna_tremor_14,dataset_b,anna,1,0.9845094084739685,1,1
cross_dataset,dataset_a_to_dataset_b,XGBoost,B2_time_frequency,dataset_b:anna_tremor_15,dataset_b,anna,1,0.9838244915008545,1,1
cross_dataset,dataset_a_to_dataset_b,XGBoost,B2_time_frequency,dataset_b:anna_tremor_16,dataset_b,anna,1,0.9838244915008545,1,1
cross_dataset,dataset_a_to_dataset_b,XGBoost,B2_time_frequency,dataset_b:anna_tremor_17,dataset_b,anna,1,0.9845094084739685,1,1
cross_dataset,dataset_a_to_dataset_b,XGBoost,B2_time_frequency,dataset_b:anna_tremor_18,dataset_b,anna,1,0.9838244915008545,1,1
cross_dataset,dataset_a_to_dataset_b,XGBoost,B2_time_frequency,dataset_b:anna_tremor_19,dataset_b,anna,1,0.9845094084739685,1,1
cross_dataset,dataset_a_to_dataset_b,XGBoost,B2_time_frequency,dataset_b:anna_tremor_20,dataset_b,anna,1,0.9450429081916809,1,1
cross_dataset,dataset_a_to_dataset_b,XGBoost,B2_time_frequency,dataset_b:mu_still_01,dataset_b,mu,0,0.01502971164882183,0,1
cross_dataset,dataset_a_to_dataset_b,XGBoost,B2_time_frequency,dataset_b:mu_still_02,dataset_b,mu,0,0.016072796657681465,0,1
cross_dataset,dataset_a_to_dataset_b,XGBoost,B2_time_frequency,dataset_b:mu_still_03,dataset_b,mu,0,0.015694601461291313,0,1
cross_dataset,dataset_a_to_dataset_b,XGBoost,B2_time_frequency,dataset_b:mu_still_04,dataset_b,mu,0,0.01502971164882183,0,1
cross_dataset,dataset_a_to_dataset_b,XGBoost,B2_time_frequency,dataset_b:mu_still_05,dataset_b,mu,0,0.015694601461291313,0,1
cross_dataset,dataset_a_to_dataset_b,XGBoost,B2_time_frequency,dataset_b:mu_still_06,dataset_b,mu,0,0.015694601461291313,0,1
cross_dataset,dataset_a_to_dataset_b,XGBoost,B2_time_frequency,dataset_b:mu_still_07,dataset_b,mu,0,0.015694601461291313,0,1
cross_dataset,dataset_a_to_dataset_b,XGBoost,B2_time_frequency,dataset_b:mu_still_08,dataset_b,mu,0,0.025223249569535255,0,1
cross_dataset,dataset_a_to_dataset_b,XGBoost,B2_time_frequency,dataset_b:mu_still_09,dataset_b,mu,0,0.06681143492460251,0,1
cross_dataset,dataset_a_to_dataset_b,XGBoost,B2_time_frequency,dataset_b:mu_still_10,dataset_b,mu,0,0.01900295913219452,0,1
cross_dataset,dataset_a_to_dataset_b,XGBoost,B2_time_frequency,dataset_b:mu_still_11,dataset_b,mu,0,0.015694601461291313,0,1
cross_dataset,dataset_a_to_dataset_b,XGBoost,B2_time_frequency,dataset_b:mu_still_12,dataset_b,mu,0,0.01502971164882183,0,1
cross_dataset,dataset_a_to_dataset_b,XGBoost,B2_time_frequency,dataset_b:mu_still_13,dataset_b,mu,0,0.06412208080291748,0,1
cross_dataset,dataset_a_to_dataset_b,XGBoost,B2_time_frequency,dataset_b:mu_still_14,dataset_b,mu,0,0.01502971164882183,0,1
cross_dataset,dataset_a_to_dataset_b,XGBoost,B2_time_frequency,dataset_b:mu_still_15,dataset_b,mu,0,0.01502971164882183,0,1
cross_dataset,dataset_a_to_dataset_b,XGBoost,B2_time_frequency,dataset_b:mu_still_16,dataset_b,mu,0,0.01502971164882183,0,1
cross_dataset,dataset_a_to_dataset_b,XGBoost,B2_time_frequency,dataset_b:mu_still_17,dataset_b,mu,0,0.01502971164882183,0,1
cross_dataset,dataset_a_to_dataset_b,XGBoost,B2_time_frequency,dataset_b:mu_still_18,dataset_b,mu,0,0.1632698029279709,0,1
cross_dataset,dataset_a_to_dataset_b,XGBoost,B2_time_frequency,dataset_b:mu_still_19,dataset_b,mu,0,0.015694601461291313,0,1
cross_dataset,dataset_a_to_dataset_b,XGBoost,B2_time_frequency,dataset_b:mu_still_20,dataset_b,mu,0,0.015694601461291313,0,1
cross_dataset,dataset_a_to_dataset_b,XGBoost,B2_time_frequency,dataset_b:mu_tremor_01,dataset_b,mu,1,0.9845094084739685,1,1
cross_dataset,dataset_a_to_dataset_b,XGBoost,B2_time_frequency,dataset_b:mu_tremor_02,dataset_b,mu,1,0.9845094084739685,1,1
cross_dataset,dataset_a_to_dataset_b,XGBoost,B2_time_frequency,dataset_b:mu_tremor_03,dataset_b,mu,1,0.9838244915008545,1,1
cross_dataset,dataset_a_to_dataset_b,XGBoost,B2_time_frequency,dataset_b:mu_tremor_04,dataset_b,mu,1,0.9838244915008545,1,1
cross_dataset,dataset_a_to_dataset_b,XGBoost,B2_time_frequency,dataset_b:mu_tremor_05,dataset_b,mu,1,0.9838244915008545,1,1
cross_dataset,dataset_a_to_dataset_b,XGBoost,B2_time_frequency,dataset_b:mu_tremor_06,dataset_b,mu,1,0.9838244915008545,1,1
cross_dataset,dataset_a_to_dataset_b,XGBoost,B2_time_frequency,dataset_b:mu_tremor_07,dataset_b,mu,1,0.9838244915008545,1,1
cross_dataset,dataset_a_to_dataset_b,XGBoost,B2_time_frequency,dataset_b:mu_tremor_08,dataset_b,mu,1,0.9838244915008545,1,1
cross_dataset,dataset_a_to_dataset_b,XGBoost,B2_time_frequency,dataset_b:mu_tremor_09,dataset_b,mu,1,0.9838244915008545,1,1
cross_dataset,dataset_a_to_dataset_b,XGBoost,B2_time_frequency,dataset_b:mu_tremor_10,dataset_b,mu,1,0.9838244915008545,1,1
cross_dataset,dataset_a_to_dataset_b,XGBoost,B2_time_frequency,dataset_b:mu_tremor_11,dataset_b,mu,1,0.9838244915008545,1,1
cross_dataset,dataset_a_to_dataset_b,XGBoost,B2_time_frequency,dataset_b:mu_tremor_12,dataset_b,mu,1,0.9838244915008545,1,1
cross_dataset,dataset_a_to_dataset_b,XGBoost,B2_time_frequency,dataset_b:mu_tremor_13,dataset_b,mu,1,0.9838244915008545,1,1
cross_dataset,dataset_a_to_dataset_b,XGBoost,B2_time_frequency,dataset_b:mu_tremor_14,dataset_b,mu,1,0.9838244915008545,1,1
cross_dataset,dataset_a_to_dataset_b,XGBoost,B2_time_frequency,dataset_b:mu_tremor_15,dataset_b,mu,1,0.9838244915008545,1,1
cross_dataset,dataset_a_to_dataset_b,XGBoost,B2_time_frequency,dataset_b:mu_tremor_16,dataset_b,mu,1,0.9838244915008545,1,1
cross_dataset,dataset_a_to_dataset_b,XGBoost,B2_time_frequency,dataset_b:mu_tremor_17,dataset_b,mu,1,0.9838244915008545,1,1
cross_dataset,dataset_a_to_dataset_b,XGBoost,B2_time_frequency,dataset_b:mu_tremor_18,dataset_b,mu,1,0.9838244915008545,1,1
cross_dataset,dataset_a_to_dataset_b,XGBoost,B2_time_frequency,dataset_b:mu_tremor_19,dataset_b,mu,1,0.9838244915008545,1,1
cross_dataset,dataset_a_to_dataset_b,XGBoost,B2_time_frequency,dataset_b:mu_tremor_20,dataset_b,mu,1,0.9838244915008545,1,1
cross_dataset,dataset_b_to_dataset_a,LightGBM,B1_time,dataset_a:imu_20260721_223610,dataset_a,BIBI,0,0.0021459747632076856,0,1
cross_dataset,dataset_b_to_dataset_a,LightGBM,B1_time,dataset_a:imu_20260721_223637,dataset_a,BIBI,0,0.0035621993269010005,0,1
cross_dataset,dataset_b_to_dataset_a,LightGBM,B1_time,dataset_a:imu_20260721_223912,dataset_a,BIBI,0,0.002162445974135537,0,1
cross_dataset,dataset_b_to_dataset_a,LightGBM,B1_time,dataset_a:imu_20260721_223934,dataset_a,BIBI,0,0.002162445974135537,0,1
cross_dataset,dataset_b_to_dataset_a,LightGBM,B1_time,dataset_a:imu_20260721_223956,dataset_a,BIBI,0,0.0021459747632076856,0,1
cross_dataset,dataset_b_to_dataset_a,LightGBM,B1_time,dataset_a:imu_20260721_224325,dataset_a,BIBI,0,0.003423886844360339,0,1
cross_dataset,dataset_b_to_dataset_a,LightGBM,B1_time,dataset_a:imu_20260721_224347,dataset_a,BIBI,0,0.002217407904632558,0,1
cross_dataset,dataset_b_to_dataset_a,LightGBM,B1_time,dataset_a:imu_20260721_224411,dataset_a,BIBI,0,0.0021459747632076856,0,1
cross_dataset,dataset_b_to_dataset_a,LightGBM,B1_time,dataset_a:imu_20260721_224433,dataset_a,BIBI,0,0.0021459747632076856,0,1
cross_dataset,dataset_b_to_dataset_a,LightGBM,B1_time,dataset_a:imu_20260721_224454,dataset_a,BIBI,0,0.002274221729787639,0,1
cross_dataset,dataset_b_to_dataset_a,LightGBM,B1_time,dataset_a:imu_20260721_203653,dataset_a,euno,0,0.0028129336546639204,0,1
cross_dataset,dataset_b_to_dataset_a,LightGBM,B1_time,dataset_a:imu_20260721_203715,dataset_a,euno,0,0.0029065032151132093,0,1
cross_dataset,dataset_b_to_dataset_a,LightGBM,B1_time,dataset_a:imu_20260721_203739,dataset_a,euno,0,0.0035621993269010005,0,1
cross_dataset,dataset_b_to_dataset_a,LightGBM,B1_time,dataset_a:imu_20260721_203800,dataset_a,euno,0,0.0025422826208934,0,1
cross_dataset,dataset_b_to_dataset_a,LightGBM,B1_time,dataset_a:imu_20260721_203825,dataset_a,euno,0,0.0028129336546639204,0,1
cross_dataset,dataset_b_to_dataset_a,LightGBM,B1_time,dataset_a:imu_20260721_204013,dataset_a,euno,0,0.002703634598624919,0,1
cross_dataset,dataset_b_to_dataset_a,LightGBM,B1_time,dataset_a:imu_20260721_220136,dataset_a,euno,0,0.002162445974135537,0,1
cross_dataset,dataset_b_to_dataset_a,LightGBM,B1_time,dataset_a:imu_20260721_220201,dataset_a,euno,0,0.0022344261656476816,0,1
cross_dataset,dataset_b_to_dataset_a,LightGBM,B1_time,dataset_a:imu_20260721_220237,dataset_a,euno,0,0.002793578615360225,0,1
cross_dataset,dataset_b_to_dataset_a,LightGBM,B1_time,dataset_a:imu_20260721_220259,dataset_a,euno,0,0.0030530568999838172,0,1
cross_dataset,dataset_b_to_dataset_a,LightGBM,B1_time,dataset_a:imu_20260721_220322,dataset_a,euno,0,0.003680600504108461,0,1
cross_dataset,dataset_b_to_dataset_a,LightGBM,B1_time,dataset_a:imu_20260721_220347,dataset_a,euno,0,0.0035621993269010005,0,1
cross_dataset,dataset_b_to_dataset_a,LightGBM,B1_time,dataset_a:imu_20260721_220409,dataset_a,euno,0,0.003680600504108461,0,1
cross_dataset,dataset_b_to_dataset_a,LightGBM,B1_time,dataset_a:imu_20260721_221129,dataset_a,euno,0,0.0022344261656476816,0,1
cross_dataset,dataset_b_to_dataset_a,LightGBM,B1_time,dataset_a:imu_20260721_221151,dataset_a,euno,0,0.0029065032151132093,0,1
cross_dataset,dataset_b_to_dataset_a,LightGBM,B1_time,dataset_a:imu_20260721_221214,dataset_a,euno,0,0.0029065032151132093,0,1
cross_dataset,dataset_b_to_dataset_a,LightGBM,B1_time,dataset_a:imu_20260721_221235,dataset_a,euno,0,0.002703634598624919,0,1
cross_dataset,dataset_b_to_dataset_a,LightGBM,B1_time,dataset_a:imu_20260721_221256,dataset_a,euno,0,0.0034695111835977067,0,1
cross_dataset,dataset_b_to_dataset_a,LightGBM,B1_time,dataset_a:imu_20260721_221318,dataset_a,euno,0,0.0035621993269010005,0,1
cross_dataset,dataset_b_to_dataset_a,LightGBM,B1_time,dataset_a:imu_20260721_221339,dataset_a,euno,0,0.0025007257481024217,0,1
cross_dataset,dataset_b_to_dataset_a,LightGBM,B1_time,dataset_a:imu_20260721_221400,dataset_a,euno,0,0.002703634598624919,0,1
cross_dataset,dataset_b_to_dataset_a,LightGBM,B1_time,dataset_a:imu_20260721_221433,dataset_a,euno,0,0.002703634598624919,0,1
cross_dataset,dataset_b_to_dataset_a,LightGBM,B1_time,dataset_a:imu_20260721_221455,dataset_a,euno,0,0.0022344261656476816,0,1
cross_dataset,dataset_b_to_dataset_a,LightGBM,B1_time,dataset_a:imu_20260721_221516,dataset_a,euno,0,0.002793578615360225,0,1
cross_dataset,dataset_b_to_dataset_a,LightGBM,B1_time,dataset_a:imu_20260721_221704,dataset_a,euno,0,0.002703634598624919,0,1
cross_dataset,dataset_b_to_dataset_a,LightGBM,B1_time,dataset_a:imu_20260721_222227,dataset_a,march,0,0.0035621993269010005,0,1
cross_dataset,dataset_b_to_dataset_a,LightGBM,B1_time,dataset_a:imu_20260721_222248,dataset_a,march,0,0.003680600504108461,0,1
cross_dataset,dataset_b_to_dataset_a,LightGBM,B1_time,dataset_a:imu_20260721_222310,dataset_a,march,0,0.003680600504108461,0,1
cross_dataset,dataset_b_to_dataset_a,LightGBM,B1_time,dataset_a:imu_20260721_222332,dataset_a,march,0,0.003680600504108461,0,1
cross_dataset,dataset_b_to_dataset_a,LightGBM,B1_time,dataset_a:imu_20260721_222355,dataset_a,march,0,0.0035621993269010005,0,1
cross_dataset,dataset_b_to_dataset_a,LightGBM,B1_time,dataset_a:imu_20260721_222703,dataset_a,march,0,0.002703634598624919,0,1
cross_dataset,dataset_b_to_dataset_a,LightGBM,B1_time,dataset_a:imu_20260721_222726,dataset_a,march,0,0.0035621993269010005,0,1
cross_dataset,dataset_b_to_dataset_a,LightGBM,B1_time,dataset_a:imu_20260721_222747,dataset_a,march,0,0.0028129336546639204,0,1
cross_dataset,dataset_b_to_dataset_a,LightGBM,B1_time,dataset_a:imu_20260721_222813,dataset_a,march,0,0.0030651614094233293,0,1
cross_dataset,dataset_b_to_dataset_a,LightGBM,B1_time,dataset_a:imu_20260721_222834,dataset_a,march,0,0.003537707082272327,0,1
cross_dataset,dataset_b_to_dataset_a,LightGBM,B1_time,dataset_a:imu_20260721_201428,dataset_a,seojin,0,0.002162445974135537,0,1
cross_dataset,dataset_b_to_dataset_a,LightGBM,B1_time,dataset_a:imu_20260721_201455,dataset_a,seojin,0,0.0028129336546639204,0,1
cross_dataset,dataset_b_to_dataset_a,LightGBM,B1_time,dataset_a:imu_20260721_201609,dataset_a,seojin,0,0.0029065032151132093,0,1
cross_dataset,dataset_b_to_dataset_a,LightGBM,B1_time,dataset_a:imu_20260721_201735,dataset_a,seojin,0,0.002162445974135537,0,1
cross_dataset,dataset_b_to_dataset_a,LightGBM,B1_time,dataset_a:imu_20260721_201808,dataset_a,seojin,0,0.002703634598624919,0,1
cross_dataset,dataset_b_to_dataset_a,LightGBM,B1_time,dataset_a:imu_20260721_201832,dataset_a,seojin,0,0.002703634598624919,0,1
cross_dataset,dataset_b_to_dataset_a,LightGBM,B1_time,dataset_a:imu_20260721_201855,dataset_a,seojin,0,0.002162445974135537,0,1
cross_dataset,dataset_b_to_dataset_a,LightGBM,B1_time,dataset_a:imu_20260721_201917,dataset_a,seojin,0,0.0029547832928104446,0,1
cross_dataset,dataset_b_to_dataset_a,LightGBM,B1_time,dataset_a:imu_20260721_201938,dataset_a,seojin,0,0.0028129336546639204,0,1
cross_dataset,dataset_b_to_dataset_a,LightGBM,B1_time,dataset_a:imu_20260721_202000,dataset_a,seojin,0,0.0028129336546639204,0,1
cross_dataset,dataset_b_to_dataset_a,LightGBM,B1_time,dataset_a:imu_20260721_202022,dataset_a,seojin,0,0.002162445974135537,0,1
cross_dataset,dataset_b_to_dataset_a,LightGBM,B1_time,dataset_a:imu_20260721_202043,dataset_a,seojin,0,0.0021459747632076856,0,1
cross_dataset,dataset_b_to_dataset_a,LightGBM,B1_time,dataset_a:imu_20260721_202111,dataset_a,seojin,0,0.002703634598624919,0,1
cross_dataset,dataset_b_to_dataset_a,LightGBM,B1_time,dataset_a:imu_20260721_202136,dataset_a,seojin,0,0.0028129336546639204,0,1
cross_dataset,dataset_b_to_dataset_a,LightGBM,B1_time,dataset_a:imu_20260721_202205,dataset_a,seojin,0,0.002217407904632558,0,1
cross_dataset,dataset_b_to_dataset_a,LightGBM,B1_time,dataset_a:imu_20260721_202252,dataset_a,seojin,0,0.002162445974135537,0,1
cross_dataset,dataset_b_to_dataset_a,LightGBM,B1_time,dataset_a:imu_20260721_202326,dataset_a,seojin,0,0.002217407904632558,0,1
cross_dataset,dataset_b_to_dataset_a,LightGBM,B1_time,dataset_a:imu_20260721_202355,dataset_a,seojin,0,0.002162445974135537,0,1
cross_dataset,dataset_b_to_dataset_a,LightGBM,B1_time,dataset_a:imu_20260721_202446,dataset_a,seojin,0,0.0029547832928104446,0,1
cross_dataset,dataset_b_to_dataset_a,LightGBM,B1_time,dataset_a:imu_20260721_202508,dataset_a,seojin,0,0.003680600504108461,0,1
cross_dataset,dataset_b_to_dataset_a,LightGBM,B1_time,dataset_a:imu_20260721_202529,dataset_a,seojin,0,0.002703634598624919,0,1
cross_dataset,dataset_b_to_dataset_a,LightGBM,B1_time,dataset_a:imu_20260721_202550,dataset_a,seojin,0,0.0035621993269010005,0,1
cross_dataset,dataset_b_to_dataset_a,LightGBM,B1_time,dataset_a:imu_20260721_202613,dataset_a,seojin,0,0.0028129336546639204,0,1
cross_dataset,dataset_b_to_dataset_a,LightGBM,B1_time,dataset_a:imu_20260721_202634,dataset_a,seojin,0,0.003680600504108461,0,1
cross_dataset,dataset_b_to_dataset_a,LightGBM,B1_time,dataset_a:imu_20260721_202704,dataset_a,seojin,0,0.003680600504108461,0,1
cross_dataset,dataset_b_to_dataset_a,LightGBM,B1_time,dataset_a:imu_20260721_223440,dataset_a,BIBI,1,0.9977251788258508,1,1
cross_dataset,dataset_b_to_dataset_a,LightGBM,B1_time,dataset_a:imu_20260721_223504,dataset_a,BIBI,1,0.9977251788258508,1,1
cross_dataset,dataset_b_to_dataset_a,LightGBM,B1_time,dataset_a:imu_20260721_223730,dataset_a,BIBI,1,0.9977251788258508,1,1
cross_dataset,dataset_b_to_dataset_a,LightGBM,B1_time,dataset_a:imu_20260721_223808,dataset_a,BIBI,1,0.9977251788258508,1,1
cross_dataset,dataset_b_to_dataset_a,LightGBM,B1_time,dataset_a:imu_20260721_223840,dataset_a,BIBI,1,0.9977251788258508,1,1
cross_dataset,dataset_b_to_dataset_a,LightGBM,B1_time,dataset_a:imu_20260721_224047,dataset_a,BIBI,1,0.9977251788258508,1,1
cross_dataset,dataset_b_to_dataset_a,LightGBM,B1_time,dataset_a:imu_20260721_224120,dataset_a,BIBI,1,0.9977251788258508,1,1
cross_dataset,dataset_b_to_dataset_a,LightGBM,B1_time,dataset_a:imu_20260721_224153,dataset_a,BIBI,1,0.9976490734936375,1,1
cross_dataset,dataset_b_to_dataset_a,LightGBM,B1_time,dataset_a:imu_20260721_224224,dataset_a,BIBI,1,0.987579935135084,1,1
cross_dataset,dataset_b_to_dataset_a,LightGBM,B1_time,dataset_a:imu_20260721_224255,dataset_a,BIBI,1,0.9977251788258508,1,1
cross_dataset,dataset_b_to_dataset_a,LightGBM,B1_time,dataset_a:imu_20260721_203056,dataset_a,euno,1,0.997162393792109,1,1
cross_dataset,dataset_b_to_dataset_a,LightGBM,B1_time,dataset_a:imu_20260721_203128,dataset_a,euno,1,0.9341522301547801,1,1
cross_dataset,dataset_b_to_dataset_a,LightGBM,B1_time,dataset_a:imu_20260721_203200,dataset_a,euno,1,0.9834657235268076,1,1
cross_dataset,dataset_b_to_dataset_a,LightGBM,B1_time,dataset_a:imu_20260721_203245,dataset_a,euno,1,0.959165945546104,1,1
cross_dataset,dataset_b_to_dataset_a,LightGBM,B1_time,dataset_a:imu_20260721_203312,dataset_a,euno,1,0.9976490734936375,1,1
cross_dataset,dataset_b_to_dataset_a,LightGBM,B1_time,dataset_a:imu_20260721_203346,dataset_a,euno,1,0.9976490734936375,1,1
cross_dataset,dataset_b_to_dataset_a,LightGBM,B1_time,dataset_a:imu_20260721_203417,dataset_a,euno,1,0.9977251788258508,1,1
cross_dataset,dataset_b_to_dataset_a,LightGBM,B1_time,dataset_a:imu_20260721_203445,dataset_a,euno,1,0.9977251788258508,1,1
cross_dataset,dataset_b_to_dataset_a,LightGBM,B1_time,dataset_a:imu_20260721_203519,dataset_a,euno,1,0.9780601033963011,1,1
cross_dataset,dataset_b_to_dataset_a,LightGBM,B1_time,dataset_a:imu_20260721_203543,dataset_a,euno,1,0.9976490734936375,1,1
cross_dataset,dataset_b_to_dataset_a,LightGBM,B1_time,dataset_a:imu_20260721_203606,dataset_a,euno,1,0.9499721936114925,1,1
cross_dataset,dataset_b_to_dataset_a,LightGBM,B1_time,dataset_a:imu_20260721_215110,dataset_a,euno,1,0.9845722375248113,1,1
cross_dataset,dataset_b_to_dataset_a,LightGBM,B1_time,dataset_a:imu_20260721_215133,dataset_a,euno,1,0.9780601033963011,1,1
cross_dataset,dataset_b_to_dataset_a,LightGBM,B1_time,dataset_a:imu_20260721_215223,dataset_a,euno,1,0.9823532799978859,1,1
cross_dataset,dataset_b_to_dataset_a,LightGBM,B1_time,dataset_a:imu_20260721_215726,dataset_a,euno,1,0.9877121665544427,1,1
cross_dataset,dataset_b_to_dataset_a,LightGBM,B1_time,dataset_a:imu_20260721_215749,dataset_a,euno,1,0.9870527530685272,1,1
cross_dataset,dataset_b_to_dataset_a,LightGBM,B1_time,dataset_a:imu_20260721_215828,dataset_a,euno,1,0.9780601033963011,1,1
cross_dataset,dataset_b_to_dataset_a,LightGBM,B1_time,dataset_a:imu_20260721_215941,dataset_a,euno,1,0.9969560825502265,1,1
cross_dataset,dataset_b_to_dataset_a,LightGBM,B1_time,dataset_a:imu_20260721_220015,dataset_a,euno,1,0.9853425458033405,1,1
cross_dataset,dataset_b_to_dataset_a,LightGBM,B1_time,dataset_a:imu_20260721_220049,dataset_a,euno,1,0.9976484227022354,1,1
cross_dataset,dataset_b_to_dataset_a,LightGBM,B1_time,dataset_a:imu_20260721_220445,dataset_a,euno,1,0.9863921334694947,1,1
cross_dataset,dataset_b_to_dataset_a,LightGBM,B1_time,dataset_a:imu_20260721_220513,dataset_a,euno,1,0.9706955977807826,1,1
cross_dataset,dataset_b_to_dataset_a,LightGBM,B1_time,dataset_a:imu_20260721_220956,dataset_a,euno,1,0.9845722375248113,1,1
cross_dataset,dataset_b_to_dataset_a,LightGBM,B1_time,dataset_a:imu_20260721_221020,dataset_a,euno,1,0.9972542107935486,1,1
cross_dataset,dataset_b_to_dataset_a,LightGBM,B1_time,dataset_a:imu_20260721_221056,dataset_a,euno,1,0.9867630279731249,1,1
cross_dataset,dataset_b_to_dataset_a,LightGBM,B1_time,dataset_a:imu_20260721_222005,dataset_a,march,1,0.9767355714396168,1,1
cross_dataset,dataset_b_to_dataset_a,LightGBM,B1_time,dataset_a:imu_20260721_222050,dataset_a,march,1,0.505668558226478,1,1
cross_dataset,dataset_b_to_dataset_a,LightGBM,B1_time,dataset_a:imu_20260721_222119,dataset_a,march,1,0.9954299507548946,1,1
cross_dataset,dataset_b_to_dataset_a,LightGBM,B1_time,dataset_a:imu_20260721_222446,dataset_a,march,1,0.39839735683004573,0,0
cross_dataset,dataset_b_to_dataset_a,LightGBM,B1_time,dataset_a:imu_20260721_222509,dataset_a,march,1,0.4323411370564463,0,0
cross_dataset,dataset_b_to_dataset_a,LightGBM,B1_time,dataset_a:imu_20260721_222534,dataset_a,march,1,0.3784328634485714,0,0
cross_dataset,dataset_b_to_dataset_a,LightGBM,B1_time,dataset_a:imu_20260721_222600,dataset_a,march,1,0.9780601033963011,1,1
cross_dataset,dataset_b_to_dataset_a,LightGBM,B1_time,dataset_a:imu_20260721_222630,dataset_a,march,1,0.9018068381679796,1,1
cross_dataset,dataset_b_to_dataset_a,LightGBM,B1_time,dataset_a:imu_20260721_222915,dataset_a,march,1,0.9736253981472595,1,1
cross_dataset,dataset_b_to_dataset_a,LightGBM,B1_time,dataset_a:imu_20260721_222939,dataset_a,march,1,0.8277045170109122,1,1
cross_dataset,dataset_b_to_dataset_a,LightGBM,B1_time,dataset_a:imu_20260721_195856,dataset_a,seojin,1,0.9977251788258508,1,1
cross_dataset,dataset_b_to_dataset_a,LightGBM,B1_time,dataset_a:imu_20260721_200002,dataset_a,seojin,1,0.9977251788258508,1,1
cross_dataset,dataset_b_to_dataset_a,LightGBM,B1_time,dataset_a:imu_20260721_200033,dataset_a,seojin,1,0.9977251788258508,1,1
cross_dataset,dataset_b_to_dataset_a,LightGBM,B1_time,dataset_a:imu_20260721_200059,dataset_a,seojin,1,0.9977251788258508,1,1
cross_dataset,dataset_b_to_dataset_a,LightGBM,B1_time,dataset_a:imu_20260721_200128,dataset_a,seojin,1,0.9972542107935486,1,1
cross_dataset,dataset_b_to_dataset_a,LightGBM,B1_time,dataset_a:imu_20260721_200152,dataset_a,seojin,1,0.9922042558058074,1,1
cross_dataset,dataset_b_to_dataset_a,LightGBM,B1_time,dataset_a:imu_20260721_200233,dataset_a,seojin,1,0.9977251788258508,1,1
cross_dataset,dataset_b_to_dataset_a,LightGBM,B1_time,dataset_a:imu_20260721_200256,dataset_a,seojin,1,0.9974780573363272,1,1
cross_dataset,dataset_b_to_dataset_a,LightGBM,B1_time,dataset_a:imu_20260721_200321,dataset_a,seojin,1,0.9977251788258508,1,1
cross_dataset,dataset_b_to_dataset_a,LightGBM,B1_time,dataset_a:imu_20260721_200433,dataset_a,seojin,1,0.9976490734936375,1,1
cross_dataset,dataset_b_to_dataset_a,LightGBM,B1_time,dataset_a:imu_20260721_200508,dataset_a,seojin,1,0.9971616086596925,1,1
cross_dataset,dataset_b_to_dataset_a,LightGBM,B1_time,dataset_a:imu_20260721_200530,dataset_a,seojin,1,0.9972542107935486,1,1
cross_dataset,dataset_b_to_dataset_a,LightGBM,B1_time,dataset_a:imu_20260721_200553,dataset_a,seojin,1,0.9971616086596925,1,1
cross_dataset,dataset_b_to_dataset_a,LightGBM,B1_time,dataset_a:imu_20260721_200617,dataset_a,seojin,1,0.9977251788258508,1,1
cross_dataset,dataset_b_to_dataset_a,LightGBM,B1_time,dataset_a:imu_20260721_200642,dataset_a,seojin,1,0.997559685344516,1,1
cross_dataset,dataset_b_to_dataset_a,LightGBM,B1_time,dataset_a:imu_20260721_200826,dataset_a,seojin,1,0.9977251788258508,1,1
cross_dataset,dataset_b_to_dataset_a,LightGBM,B1_time,dataset_a:imu_20260721_200851,dataset_a,seojin,1,0.9977251788258508,1,1
cross_dataset,dataset_b_to_dataset_a,LightGBM,B1_time,dataset_a:imu_20260721_201011,dataset_a,seojin,1,0.9977251788258508,1,1
cross_dataset,dataset_b_to_dataset_a,LightGBM,B1_time,dataset_a:imu_20260721_201034,dataset_a,seojin,1,0.9977251788258508,1,1
cross_dataset,dataset_b_to_dataset_a,LightGBM,B1_time,dataset_a:imu_20260721_201110,dataset_a,seojin,1,0.9977251788258508,1,1
cross_dataset,dataset_b_to_dataset_a,LightGBM,B1_time,dataset_a:imu_20260721_201149,dataset_a,seojin,1,0.9977251788258508,1,1
cross_dataset,dataset_b_to_dataset_a,LightGBM,B1_time,dataset_a:imu_20260721_201211,dataset_a,seojin,1,0.9977251788258508,1,1
cross_dataset,dataset_b_to_dataset_a,LightGBM,B1_time,dataset_a:imu_20260721_201234,dataset_a,seojin,1,0.9976490734936375,1,1
cross_dataset,dataset_b_to_dataset_a,LightGBM,B1_time,dataset_a:imu_20260721_201256,dataset_a,seojin,1,0.9977251788258508,1,1
cross_dataset,dataset_b_to_dataset_a,LightGBM,B1_time,dataset_a:imu_20260721_201318,dataset_a,seojin,1,0.9977251788258508,1,1
cross_dataset,dataset_b_to_dataset_a,XGBoost,B1_time,dataset_a:imu_20260721_223610,dataset_a,BIBI,0,0.02612983249127865,0,1
cross_dataset,dataset_b_to_dataset_a,XGBoost,B1_time,dataset_a:imu_20260721_223637,dataset_a,BIBI,0,0.02612983249127865,0,1
cross_dataset,dataset_b_to_dataset_a,XGBoost,B1_time,dataset_a:imu_20260721_223912,dataset_a,BIBI,0,0.02612983249127865,0,1
cross_dataset,dataset_b_to_dataset_a,XGBoost,B1_time,dataset_a:imu_20260721_223934,dataset_a,BIBI,0,0.02612983249127865,0,1
cross_dataset,dataset_b_to_dataset_a,XGBoost,B1_time,dataset_a:imu_20260721_223956,dataset_a,BIBI,0,0.02612983249127865,0,1
cross_dataset,dataset_b_to_dataset_a,XGBoost,B1_time,dataset_a:imu_20260721_224325,dataset_a,BIBI,0,0.02612983249127865,0,1
cross_dataset,dataset_b_to_dataset_a,XGBoost,B1_time,dataset_a:imu_20260721_224347,dataset_a,BIBI,0,0.02741222083568573,0,1
cross_dataset,dataset_b_to_dataset_a,XGBoost,B1_time,dataset_a:imu_20260721_224411,dataset_a,BIBI,0,0.029312198981642723,0,1
cross_dataset,dataset_b_to_dataset_a,XGBoost,B1_time,dataset_a:imu_20260721_224433,dataset_a,BIBI,0,0.02612983249127865,0,1
cross_dataset,dataset_b_to_dataset_a,XGBoost,B1_time,dataset_a:imu_20260721_224454,dataset_a,BIBI,0,0.02741222083568573,0,1
cross_dataset,dataset_b_to_dataset_a,XGBoost,B1_time,dataset_a:imu_20260721_203653,dataset_a,euno,0,0.02612983249127865,0,1
cross_dataset,dataset_b_to_dataset_a,XGBoost,B1_time,dataset_a:imu_20260721_203715,dataset_a,euno,0,0.02612983249127865,0,1
cross_dataset,dataset_b_to_dataset_a,XGBoost,B1_time,dataset_a:imu_20260721_203739,dataset_a,euno,0,0.02612983249127865,0,1
cross_dataset,dataset_b_to_dataset_a,XGBoost,B1_time,dataset_a:imu_20260721_203800,dataset_a,euno,0,0.02612983249127865,0,1
cross_dataset,dataset_b_to_dataset_a,XGBoost,B1_time,dataset_a:imu_20260721_203825,dataset_a,euno,0,0.02612983249127865,0,1
cross_dataset,dataset_b_to_dataset_a,XGBoost,B1_time,dataset_a:imu_20260721_204013,dataset_a,euno,0,0.02612983249127865,0,1
cross_dataset,dataset_b_to_dataset_a,XGBoost,B1_time,dataset_a:imu_20260721_220136,dataset_a,euno,0,0.02612983249127865,0,1
cross_dataset,dataset_b_to_dataset_a,XGBoost,B1_time,dataset_a:imu_20260721_220201,dataset_a,euno,0,0.02612983249127865,0,1
cross_dataset,dataset_b_to_dataset_a,XGBoost,B1_time,dataset_a:imu_20260721_220237,dataset_a,euno,0,0.02612983249127865,0,1
cross_dataset,dataset_b_to_dataset_a,XGBoost,B1_time,dataset_a:imu_20260721_220259,dataset_a,euno,0,0.02612983249127865,0,1
cross_dataset,dataset_b_to_dataset_a,XGBoost,B1_time,dataset_a:imu_20260721_220322,dataset_a,euno,0,0.02612983249127865,0,1
cross_dataset,dataset_b_to_dataset_a,XGBoost,B1_time,dataset_a:imu_20260721_220347,dataset_a,euno,0,0.02612983249127865,0,1
cross_dataset,dataset_b_to_dataset_a,XGBoost,B1_time,dataset_a:imu_20260721_220409,dataset_a,euno,0,0.02612983249127865,0,1
cross_dataset,dataset_b_to_dataset_a,XGBoost,B1_time,dataset_a:imu_20260721_221129,dataset_a,euno,0,0.02612983249127865,0,1
cross_dataset,dataset_b_to_dataset_a,XGBoost,B1_time,dataset_a:imu_20260721_221151,dataset_a,euno,0,0.02612983249127865,0,1
cross_dataset,dataset_b_to_dataset_a,XGBoost,B1_time,dataset_a:imu_20260721_221214,dataset_a,euno,0,0.02612983249127865,0,1
cross_dataset,dataset_b_to_dataset_a,XGBoost,B1_time,dataset_a:imu_20260721_221235,dataset_a,euno,0,0.02612983249127865,0,1
cross_dataset,dataset_b_to_dataset_a,XGBoost,B1_time,dataset_a:imu_20260721_221256,dataset_a,euno,0,0.02612983249127865,0,1
cross_dataset,dataset_b_to_dataset_a,XGBoost,B1_time,dataset_a:imu_20260721_221318,dataset_a,euno,0,0.02612983249127865,0,1
cross_dataset,dataset_b_to_dataset_a,XGBoost,B1_time,dataset_a:imu_20260721_221339,dataset_a,euno,0,0.02612983249127865,0,1
cross_dataset,dataset_b_to_dataset_a,XGBoost,B1_time,dataset_a:imu_20260721_221400,dataset_a,euno,0,0.02612983249127865,0,1
cross_dataset,dataset_b_to_dataset_a,XGBoost,B1_time,dataset_a:imu_20260721_221433,dataset_a,euno,0,0.02612983249127865,0,1
cross_dataset,dataset_b_to_dataset_a,XGBoost,B1_time,dataset_a:imu_20260721_221455,dataset_a,euno,0,0.02612983249127865,0,1
cross_dataset,dataset_b_to_dataset_a,XGBoost,B1_time,dataset_a:imu_20260721_221516,dataset_a,euno,0,0.02612983249127865,0,1
cross_dataset,dataset_b_to_dataset_a,XGBoost,B1_time,dataset_a:imu_20260721_221704,dataset_a,euno,0,0.02612983249127865,0,1
cross_dataset,dataset_b_to_dataset_a,XGBoost,B1_time,dataset_a:imu_20260721_222227,dataset_a,march,0,0.02612983249127865,0,1
cross_dataset,dataset_b_to_dataset_a,XGBoost,B1_time,dataset_a:imu_20260721_222248,dataset_a,march,0,0.02612983249127865,0,1
cross_dataset,dataset_b_to_dataset_a,XGBoost,B1_time,dataset_a:imu_20260721_222310,dataset_a,march,0,0.02612983249127865,0,1
cross_dataset,dataset_b_to_dataset_a,XGBoost,B1_time,dataset_a:imu_20260721_222332,dataset_a,march,0,0.02612983249127865,0,1
cross_dataset,dataset_b_to_dataset_a,XGBoost,B1_time,dataset_a:imu_20260721_222355,dataset_a,march,0,0.02612983249127865,0,1
cross_dataset,dataset_b_to_dataset_a,XGBoost,B1_time,dataset_a:imu_20260721_222703,dataset_a,march,0,0.02612983249127865,0,1
cross_dataset,dataset_b_to_dataset_a,XGBoost,B1_time,dataset_a:imu_20260721_222726,dataset_a,march,0,0.02612983249127865,0,1
cross_dataset,dataset_b_to_dataset_a,XGBoost,B1_time,dataset_a:imu_20260721_222747,dataset_a,march,0,0.02612983249127865,0,1
cross_dataset,dataset_b_to_dataset_a,XGBoost,B1_time,dataset_a:imu_20260721_222813,dataset_a,march,0,0.02612983249127865,0,1
cross_dataset,dataset_b_to_dataset_a,XGBoost,B1_time,dataset_a:imu_20260721_222834,dataset_a,march,0,0.02612983249127865,0,1
cross_dataset,dataset_b_to_dataset_a,XGBoost,B1_time,dataset_a:imu_20260721_201428,dataset_a,seojin,0,0.02741222083568573,0,1
cross_dataset,dataset_b_to_dataset_a,XGBoost,B1_time,dataset_a:imu_20260721_201455,dataset_a,seojin,0,0.02612983249127865,0,1
cross_dataset,dataset_b_to_dataset_a,XGBoost,B1_time,dataset_a:imu_20260721_201609,dataset_a,seojin,0,0.02612983249127865,0,1
cross_dataset,dataset_b_to_dataset_a,XGBoost,B1_time,dataset_a:imu_20260721_201735,dataset_a,seojin,0,0.02612983249127865,0,1
cross_dataset,dataset_b_to_dataset_a,XGBoost,B1_time,dataset_a:imu_20260721_201808,dataset_a,seojin,0,0.02612983249127865,0,1
cross_dataset,dataset_b_to_dataset_a,XGBoost,B1_time,dataset_a:imu_20260721_201832,dataset_a,seojin,0,0.02612983249127865,0,1
cross_dataset,dataset_b_to_dataset_a,XGBoost,B1_time,dataset_a:imu_20260721_201855,dataset_a,seojin,0,0.02612983249127865,0,1
cross_dataset,dataset_b_to_dataset_a,XGBoost,B1_time,dataset_a:imu_20260721_201917,dataset_a,seojin,0,0.02612983249127865,0,1
cross_dataset,dataset_b_to_dataset_a,XGBoost,B1_time,dataset_a:imu_20260721_201938,dataset_a,seojin,0,0.02612983249127865,0,1
cross_dataset,dataset_b_to_dataset_a,XGBoost,B1_time,dataset_a:imu_20260721_202000,dataset_a,seojin,0,0.02612983249127865,0,1
cross_dataset,dataset_b_to_dataset_a,XGBoost,B1_time,dataset_a:imu_20260721_202022,dataset_a,seojin,0,0.02741222083568573,0,1
cross_dataset,dataset_b_to_dataset_a,XGBoost,B1_time,dataset_a:imu_20260721_202043,dataset_a,seojin,0,0.02612983249127865,0,1
cross_dataset,dataset_b_to_dataset_a,XGBoost,B1_time,dataset_a:imu_20260721_202111,dataset_a,seojin,0,0.02612983249127865,0,1
cross_dataset,dataset_b_to_dataset_a,XGBoost,B1_time,dataset_a:imu_20260721_202136,dataset_a,seojin,0,0.02612983249127865,0,1
cross_dataset,dataset_b_to_dataset_a,XGBoost,B1_time,dataset_a:imu_20260721_202205,dataset_a,seojin,0,0.029312198981642723,0,1
cross_dataset,dataset_b_to_dataset_a,XGBoost,B1_time,dataset_a:imu_20260721_202252,dataset_a,seojin,0,0.02612983249127865,0,1
cross_dataset,dataset_b_to_dataset_a,XGBoost,B1_time,dataset_a:imu_20260721_202326,dataset_a,seojin,0,0.02741222083568573,0,1
cross_dataset,dataset_b_to_dataset_a,XGBoost,B1_time,dataset_a:imu_20260721_202355,dataset_a,seojin,0,0.02612983249127865,0,1
cross_dataset,dataset_b_to_dataset_a,XGBoost,B1_time,dataset_a:imu_20260721_202446,dataset_a,seojin,0,0.02612983249127865,0,1
cross_dataset,dataset_b_to_dataset_a,XGBoost,B1_time,dataset_a:imu_20260721_202508,dataset_a,seojin,0,0.02612983249127865,0,1
cross_dataset,dataset_b_to_dataset_a,XGBoost,B1_time,dataset_a:imu_20260721_202529,dataset_a,seojin,0,0.02612983249127865,0,1
cross_dataset,dataset_b_to_dataset_a,XGBoost,B1_time,dataset_a:imu_20260721_202550,dataset_a,seojin,0,0.02612983249127865,0,1
cross_dataset,dataset_b_to_dataset_a,XGBoost,B1_time,dataset_a:imu_20260721_202613,dataset_a,seojin,0,0.02612983249127865,0,1
cross_dataset,dataset_b_to_dataset_a,XGBoost,B1_time,dataset_a:imu_20260721_202634,dataset_a,seojin,0,0.02612983249127865,0,1
cross_dataset,dataset_b_to_dataset_a,XGBoost,B1_time,dataset_a:imu_20260721_202704,dataset_a,seojin,0,0.02612983249127865,0,1
cross_dataset,dataset_b_to_dataset_a,XGBoost,B1_time,dataset_a:imu_20260721_223440,dataset_a,BIBI,1,0.9719052910804749,1,1
cross_dataset,dataset_b_to_dataset_a,XGBoost,B1_time,dataset_a:imu_20260721_223504,dataset_a,BIBI,1,0.9719052910804749,1,1
cross_dataset,dataset_b_to_dataset_a,XGBoost,B1_time,dataset_a:imu_20260721_223730,dataset_a,BIBI,1,0.9719052910804749,1,1
cross_dataset,dataset_b_to_dataset_a,XGBoost,B1_time,dataset_a:imu_20260721_223808,dataset_a,BIBI,1,0.9719052910804749,1,1
cross_dataset,dataset_b_to_dataset_a,XGBoost,B1_time,dataset_a:imu_20260721_223840,dataset_a,BIBI,1,0.9719052910804749,1,1
cross_dataset,dataset_b_to_dataset_a,XGBoost,B1_time,dataset_a:imu_20260721_224047,dataset_a,BIBI,1,0.9719052910804749,1,1
cross_dataset,dataset_b_to_dataset_a,XGBoost,B1_time,dataset_a:imu_20260721_224120,dataset_a,BIBI,1,0.9719052910804749,1,1
cross_dataset,dataset_b_to_dataset_a,XGBoost,B1_time,dataset_a:imu_20260721_224153,dataset_a,BIBI,1,0.9719052910804749,1,1
cross_dataset,dataset_b_to_dataset_a,XGBoost,B1_time,dataset_a:imu_20260721_224224,dataset_a,BIBI,1,0.9719052910804749,1,1
cross_dataset,dataset_b_to_dataset_a,XGBoost,B1_time,dataset_a:imu_20260721_224255,dataset_a,BIBI,1,0.9719052910804749,1,1
cross_dataset,dataset_b_to_dataset_a,XGBoost,B1_time,dataset_a:imu_20260721_203056,dataset_a,euno,1,0.9706356525421143,1,1
cross_dataset,dataset_b_to_dataset_a,XGBoost,B1_time,dataset_a:imu_20260721_203128,dataset_a,euno,1,0.967459499835968,1,1
cross_dataset,dataset_b_to_dataset_a,XGBoost,B1_time,dataset_a:imu_20260721_203200,dataset_a,euno,1,0.9706356525421143,1,1
cross_dataset,dataset_b_to_dataset_a,XGBoost,B1_time,dataset_a:imu_20260721_203245,dataset_a,euno,1,0.9692006707191467,1,1
cross_dataset,dataset_b_to_dataset_a,XGBoost,B1_time,dataset_a:imu_20260721_203312,dataset_a,euno,1,0.9719052910804749,1,1
cross_dataset,dataset_b_to_dataset_a,XGBoost,B1_time,dataset_a:imu_20260721_203346,dataset_a,euno,1,0.9719052910804749,1,1
cross_dataset,dataset_b_to_dataset_a,XGBoost,B1_time,dataset_a:imu_20260721_203417,dataset_a,euno,1,0.9719052910804749,1,1
cross_dataset,dataset_b_to_dataset_a,XGBoost,B1_time,dataset_a:imu_20260721_203445,dataset_a,euno,1,0.9719052910804749,1,1
cross_dataset,dataset_b_to_dataset_a,XGBoost,B1_time,dataset_a:imu_20260721_203519,dataset_a,euno,1,0.9704880118370056,1,1
cross_dataset,dataset_b_to_dataset_a,XGBoost,B1_time,dataset_a:imu_20260721_203543,dataset_a,euno,1,0.9719052910804749,1,1
cross_dataset,dataset_b_to_dataset_a,XGBoost,B1_time,dataset_a:imu_20260721_203606,dataset_a,euno,1,0.9690460562705994,1,1
cross_dataset,dataset_b_to_dataset_a,XGBoost,B1_time,dataset_a:imu_20260721_215110,dataset_a,euno,1,0.9706356525421143,1,1
cross_dataset,dataset_b_to_dataset_a,XGBoost,B1_time,dataset_a:imu_20260721_215133,dataset_a,euno,1,0.9704880118370056,1,1
cross_dataset,dataset_b_to_dataset_a,XGBoost,B1_time,dataset_a:imu_20260721_215223,dataset_a,euno,1,0.9704880118370056,1,1
cross_dataset,dataset_b_to_dataset_a,XGBoost,B1_time,dataset_a:imu_20260721_215726,dataset_a,euno,1,0.9719052910804749,1,1
cross_dataset,dataset_b_to_dataset_a,XGBoost,B1_time,dataset_a:imu_20260721_215749,dataset_a,euno,1,0.9704880118370056,1,1
cross_dataset,dataset_b_to_dataset_a,XGBoost,B1_time,dataset_a:imu_20260721_215828,dataset_a,euno,1,0.96897292137146,1,1
cross_dataset,dataset_b_to_dataset_a,XGBoost,B1_time,dataset_a:imu_20260721_215941,dataset_a,euno,1,0.9706356525421143,1,1
cross_dataset,dataset_b_to_dataset_a,XGBoost,B1_time,dataset_a:imu_20260721_220015,dataset_a,euno,1,0.9719052910804749,1,1
cross_dataset,dataset_b_to_dataset_a,XGBoost,B1_time,dataset_a:imu_20260721_220049,dataset_a,euno,1,0.9719052910804749,1,1
cross_dataset,dataset_b_to_dataset_a,XGBoost,B1_time,dataset_a:imu_20260721_220445,dataset_a,euno,1,0.9719052910804749,1,1
cross_dataset,dataset_b_to_dataset_a,XGBoost,B1_time,dataset_a:imu_20260721_220513,dataset_a,euno,1,0.967575192451477,1,1
cross_dataset,dataset_b_to_dataset_a,XGBoost,B1_time,dataset_a:imu_20260721_220956,dataset_a,euno,1,0.9706356525421143,1,1
cross_dataset,dataset_b_to_dataset_a,XGBoost,B1_time,dataset_a:imu_20260721_221020,dataset_a,euno,1,0.9704880118370056,1,1
cross_dataset,dataset_b_to_dataset_a,XGBoost,B1_time,dataset_a:imu_20260721_221056,dataset_a,euno,1,0.9719052910804749,1,1
cross_dataset,dataset_b_to_dataset_a,XGBoost,B1_time,dataset_a:imu_20260721_222005,dataset_a,march,1,0.96897292137146,1,1
cross_dataset,dataset_b_to_dataset_a,XGBoost,B1_time,dataset_a:imu_20260721_222050,dataset_a,march,1,0.10196562111377716,0,0
cross_dataset,dataset_b_to_dataset_a,XGBoost,B1_time,dataset_a:imu_20260721_222119,dataset_a,march,1,0.96897292137146,1,1
cross_dataset,dataset_b_to_dataset_a,XGBoost,B1_time,dataset_a:imu_20260721_222446,dataset_a,march,1,0.09207677841186523,0,0
cross_dataset,dataset_b_to_dataset_a,XGBoost,B1_time,dataset_a:imu_20260721_222509,dataset_a,march,1,0.09207677841186523,0,0
cross_dataset,dataset_b_to_dataset_a,XGBoost,B1_time,dataset_a:imu_20260721_222534,dataset_a,march,1,0.09787335991859436,0,0
cross_dataset,dataset_b_to_dataset_a,XGBoost,B1_time,dataset_a:imu_20260721_222600,dataset_a,march,1,0.96897292137146,1,1
cross_dataset,dataset_b_to_dataset_a,XGBoost,B1_time,dataset_a:imu_20260721_222630,dataset_a,march,1,0.1778348684310913,0,0
cross_dataset,dataset_b_to_dataset_a,XGBoost,B1_time,dataset_a:imu_20260721_222915,dataset_a,march,1,0.9362603425979614,1,1
cross_dataset,dataset_b_to_dataset_a,XGBoost,B1_time,dataset_a:imu_20260721_222939,dataset_a,march,1,0.09622721374034882,0,0
cross_dataset,dataset_b_to_dataset_a,XGBoost,B1_time,dataset_a:imu_20260721_195856,dataset_a,seojin,1,0.9719052910804749,1,1
cross_dataset,dataset_b_to_dataset_a,XGBoost,B1_time,dataset_a:imu_20260721_200002,dataset_a,seojin,1,0.9719052910804749,1,1
cross_dataset,dataset_b_to_dataset_a,XGBoost,B1_time,dataset_a:imu_20260721_200033,dataset_a,seojin,1,0.9719052910804749,1,1
cross_dataset,dataset_b_to_dataset_a,XGBoost,B1_time,dataset_a:imu_20260721_200059,dataset_a,seojin,1,0.9719052910804749,1,1
cross_dataset,dataset_b_to_dataset_a,XGBoost,B1_time,dataset_a:imu_20260721_200128,dataset_a,seojin,1,0.9719052910804749,1,1
cross_dataset,dataset_b_to_dataset_a,XGBoost,B1_time,dataset_a:imu_20260721_200152,dataset_a,seojin,1,0.9691563248634338,1,1
cross_dataset,dataset_b_to_dataset_a,XGBoost,B1_time,dataset_a:imu_20260721_200233,dataset_a,seojin,1,0.9719052910804749,1,1
cross_dataset,dataset_b_to_dataset_a,XGBoost,B1_time,dataset_a:imu_20260721_200256,dataset_a,seojin,1,0.9719052910804749,1,1
cross_dataset,dataset_b_to_dataset_a,XGBoost,B1_time,dataset_a:imu_20260721_200321,dataset_a,seojin,1,0.9719052910804749,1,1
cross_dataset,dataset_b_to_dataset_a,XGBoost,B1_time,dataset_a:imu_20260721_200433,dataset_a,seojin,1,0.9704880118370056,1,1
cross_dataset,dataset_b_to_dataset_a,XGBoost,B1_time,dataset_a:imu_20260721_200508,dataset_a,seojin,1,0.9706356525421143,1,1
cross_dataset,dataset_b_to_dataset_a,XGBoost,B1_time,dataset_a:imu_20260721_200530,dataset_a,seojin,1,0.9719052910804749,1,1
cross_dataset,dataset_b_to_dataset_a,XGBoost,B1_time,dataset_a:imu_20260721_200553,dataset_a,seojin,1,0.9691563248634338,1,1
cross_dataset,dataset_b_to_dataset_a,XGBoost,B1_time,dataset_a:imu_20260721_200617,dataset_a,seojin,1,0.9704880118370056,1,1
cross_dataset,dataset_b_to_dataset_a,XGBoost,B1_time,dataset_a:imu_20260721_200642,dataset_a,seojin,1,0.9704880118370056,1,1
cross_dataset,dataset_b_to_dataset_a,XGBoost,B1_time,dataset_a:imu_20260721_200826,dataset_a,seojin,1,0.9719052910804749,1,1
cross_dataset,dataset_b_to_dataset_a,XGBoost,B1_time,dataset_a:imu_20260721_200851,dataset_a,seojin,1,0.9704880118370056,1,1
cross_dataset,dataset_b_to_dataset_a,XGBoost,B1_time,dataset_a:imu_20260721_201011,dataset_a,seojin,1,0.9719052910804749,1,1
cross_dataset,dataset_b_to_dataset_a,XGBoost,B1_time,dataset_a:imu_20260721_201034,dataset_a,seojin,1,0.9719052910804749,1,1
cross_dataset,dataset_b_to_dataset_a,XGBoost,B1_time,dataset_a:imu_20260721_201110,dataset_a,seojin,1,0.9719052910804749,1,1
cross_dataset,dataset_b_to_dataset_a,XGBoost,B1_time,dataset_a:imu_20260721_201149,dataset_a,seojin,1,0.9719052910804749,1,1
cross_dataset,dataset_b_to_dataset_a,XGBoost,B1_time,dataset_a:imu_20260721_201211,dataset_a,seojin,1,0.9719052910804749,1,1
cross_dataset,dataset_b_to_dataset_a,XGBoost,B1_time,dataset_a:imu_20260721_201234,dataset_a,seojin,1,0.9719052910804749,1,1
cross_dataset,dataset_b_to_dataset_a,XGBoost,B1_time,dataset_a:imu_20260721_201256,dataset_a,seojin,1,0.9719052910804749,1,1
cross_dataset,dataset_b_to_dataset_a,XGBoost,B1_time,dataset_a:imu_20260721_201318,dataset_a,seojin,1,0.9719052910804749,1,1
cross_dataset,dataset_b_to_dataset_a,LightGBM,B2_time_frequency,dataset_a:imu_20260721_223610,dataset_a,BIBI,0,0.0026770301185264846,0,1
cross_dataset,dataset_b_to_dataset_a,LightGBM,B2_time_frequency,dataset_a:imu_20260721_223637,dataset_a,BIBI,0,0.0026770301185264846,0,1
cross_dataset,dataset_b_to_dataset_a,LightGBM,B2_time_frequency,dataset_a:imu_20260721_223912,dataset_a,BIBI,0,0.0026770301185264846,0,1
cross_dataset,dataset_b_to_dataset_a,LightGBM,B2_time_frequency,dataset_a:imu_20260721_223934,dataset_a,BIBI,0,0.002691904438925993,0,1
cross_dataset,dataset_b_to_dataset_a,LightGBM,B2_time_frequency,dataset_a:imu_20260721_223956,dataset_a,BIBI,0,0.0026770301185264846,0,1
cross_dataset,dataset_b_to_dataset_a,LightGBM,B2_time_frequency,dataset_a:imu_20260721_224325,dataset_a,BIBI,0,0.0026770301185264846,0,1
cross_dataset,dataset_b_to_dataset_a,LightGBM,B2_time_frequency,dataset_a:imu_20260721_224347,dataset_a,BIBI,0,0.0026770301185264846,0,1
cross_dataset,dataset_b_to_dataset_a,LightGBM,B2_time_frequency,dataset_a:imu_20260721_224411,dataset_a,BIBI,0,0.0026770301185264846,0,1
cross_dataset,dataset_b_to_dataset_a,LightGBM,B2_time_frequency,dataset_a:imu_20260721_224433,dataset_a,BIBI,0,0.0026770301185264846,0,1
cross_dataset,dataset_b_to_dataset_a,LightGBM,B2_time_frequency,dataset_a:imu_20260721_224454,dataset_a,BIBI,0,0.0026770301185264846,0,1
cross_dataset,dataset_b_to_dataset_a,LightGBM,B2_time_frequency,dataset_a:imu_20260721_203653,dataset_a,euno,0,0.002691904438925993,0,1
cross_dataset,dataset_b_to_dataset_a,LightGBM,B2_time_frequency,dataset_a:imu_20260721_203715,dataset_a,euno,0,0.002691904438925993,0,1
cross_dataset,dataset_b_to_dataset_a,LightGBM,B2_time_frequency,dataset_a:imu_20260721_203739,dataset_a,euno,0,0.002691904438925993,0,1
cross_dataset,dataset_b_to_dataset_a,LightGBM,B2_time_frequency,dataset_a:imu_20260721_203800,dataset_a,euno,0,0.002691904438925993,0,1
cross_dataset,dataset_b_to_dataset_a,LightGBM,B2_time_frequency,dataset_a:imu_20260721_203825,dataset_a,euno,0,0.0026770301185264846,0,1
cross_dataset,dataset_b_to_dataset_a,LightGBM,B2_time_frequency,dataset_a:imu_20260721_204013,dataset_a,euno,0,0.002691904438925993,0,1
cross_dataset,dataset_b_to_dataset_a,LightGBM,B2_time_frequency,dataset_a:imu_20260721_220136,dataset_a,euno,0,0.002691904438925993,0,1
cross_dataset,dataset_b_to_dataset_a,LightGBM,B2_time_frequency,dataset_a:imu_20260721_220201,dataset_a,euno,0,0.0026770301185264846,0,1
cross_dataset,dataset_b_to_dataset_a,LightGBM,B2_time_frequency,dataset_a:imu_20260721_220237,dataset_a,euno,0,0.002691904438925993,0,1
cross_dataset,dataset_b_to_dataset_a,LightGBM,B2_time_frequency,dataset_a:imu_20260721_220259,dataset_a,euno,0,0.002691904438925993,0,1
cross_dataset,dataset_b_to_dataset_a,LightGBM,B2_time_frequency,dataset_a:imu_20260721_220322,dataset_a,euno,0,0.002691904438925993,0,1
cross_dataset,dataset_b_to_dataset_a,LightGBM,B2_time_frequency,dataset_a:imu_20260721_220347,dataset_a,euno,0,0.002691904438925993,0,1
cross_dataset,dataset_b_to_dataset_a,LightGBM,B2_time_frequency,dataset_a:imu_20260721_220409,dataset_a,euno,0,0.002691904438925993,0,1
cross_dataset,dataset_b_to_dataset_a,LightGBM,B2_time_frequency,dataset_a:imu_20260721_221129,dataset_a,euno,0,0.0026770301185264846,0,1
cross_dataset,dataset_b_to_dataset_a,LightGBM,B2_time_frequency,dataset_a:imu_20260721_221151,dataset_a,euno,0,0.002691904438925993,0,1
cross_dataset,dataset_b_to_dataset_a,LightGBM,B2_time_frequency,dataset_a:imu_20260721_221214,dataset_a,euno,0,0.002691904438925993,0,1
cross_dataset,dataset_b_to_dataset_a,LightGBM,B2_time_frequency,dataset_a:imu_20260721_221235,dataset_a,euno,0,0.002691904438925993,0,1
cross_dataset,dataset_b_to_dataset_a,LightGBM,B2_time_frequency,dataset_a:imu_20260721_221256,dataset_a,euno,0,0.002691904438925993,0,1
cross_dataset,dataset_b_to_dataset_a,LightGBM,B2_time_frequency,dataset_a:imu_20260721_221318,dataset_a,euno,0,0.002691904438925993,0,1
cross_dataset,dataset_b_to_dataset_a,LightGBM,B2_time_frequency,dataset_a:imu_20260721_221339,dataset_a,euno,0,0.0026770301185264846,0,1
cross_dataset,dataset_b_to_dataset_a,LightGBM,B2_time_frequency,dataset_a:imu_20260721_221400,dataset_a,euno,0,0.0026770301185264846,0,1
cross_dataset,dataset_b_to_dataset_a,LightGBM,B2_time_frequency,dataset_a:imu_20260721_221433,dataset_a,euno,0,0.0026770301185264846,0,1
cross_dataset,dataset_b_to_dataset_a,LightGBM,B2_time_frequency,dataset_a:imu_20260721_221455,dataset_a,euno,0,0.002691904438925993,0,1
cross_dataset,dataset_b_to_dataset_a,LightGBM,B2_time_frequency,dataset_a:imu_20260721_221516,dataset_a,euno,0,0.002691904438925993,0,1
cross_dataset,dataset_b_to_dataset_a,LightGBM,B2_time_frequency,dataset_a:imu_20260721_221704,dataset_a,euno,0,0.0026770301185264846,0,1
cross_dataset,dataset_b_to_dataset_a,LightGBM,B2_time_frequency,dataset_a:imu_20260721_222227,dataset_a,march,0,0.002691904438925993,0,1
cross_dataset,dataset_b_to_dataset_a,LightGBM,B2_time_frequency,dataset_a:imu_20260721_222248,dataset_a,march,0,0.002691904438925993,0,1
cross_dataset,dataset_b_to_dataset_a,LightGBM,B2_time_frequency,dataset_a:imu_20260721_222310,dataset_a,march,0,0.002691904438925993,0,1
cross_dataset,dataset_b_to_dataset_a,LightGBM,B2_time_frequency,dataset_a:imu_20260721_222332,dataset_a,march,0,0.002691904438925993,0,1
cross_dataset,dataset_b_to_dataset_a,LightGBM,B2_time_frequency,dataset_a:imu_20260721_222355,dataset_a,march,0,0.002691904438925993,0,1
cross_dataset,dataset_b_to_dataset_a,LightGBM,B2_time_frequency,dataset_a:imu_20260721_222703,dataset_a,march,0,0.0026770301185264846,0,1
cross_dataset,dataset_b_to_dataset_a,LightGBM,B2_time_frequency,dataset_a:imu_20260721_222726,dataset_a,march,0,0.002691904438925993,0,1
cross_dataset,dataset_b_to_dataset_a,LightGBM,B2_time_frequency,dataset_a:imu_20260721_222747,dataset_a,march,0,0.002691904438925993,0,1
cross_dataset,dataset_b_to_dataset_a,LightGBM,B2_time_frequency,dataset_a:imu_20260721_222813,dataset_a,march,0,0.002691904438925993,0,1
cross_dataset,dataset_b_to_dataset_a,LightGBM,B2_time_frequency,dataset_a:imu_20260721_222834,dataset_a,march,0,0.002691904438925993,0,1
cross_dataset,dataset_b_to_dataset_a,LightGBM,B2_time_frequency,dataset_a:imu_20260721_201428,dataset_a,seojin,0,0.0026770301185264846,0,1
cross_dataset,dataset_b_to_dataset_a,LightGBM,B2_time_frequency,dataset_a:imu_20260721_201455,dataset_a,seojin,0,0.002691904438925993,0,1
cross_dataset,dataset_b_to_dataset_a,LightGBM,B2_time_frequency,dataset_a:imu_20260721_201609,dataset_a,seojin,0,0.002691904438925993,0,1
cross_dataset,dataset_b_to_dataset_a,LightGBM,B2_time_frequency,dataset_a:imu_20260721_201735,dataset_a,seojin,0,0.002691904438925993,0,1
cross_dataset,dataset_b_to_dataset_a,LightGBM,B2_time_frequency,dataset_a:imu_20260721_201808,dataset_a,seojin,0,0.002691904438925993,0,1
cross_dataset,dataset_b_to_dataset_a,LightGBM,B2_time_frequency,dataset_a:imu_20260721_201832,dataset_a,seojin,0,0.0026770301185264846,0,1
cross_dataset,dataset_b_to_dataset_a,LightGBM,B2_time_frequency,dataset_a:imu_20260721_201855,dataset_a,seojin,0,0.0026770301185264846,0,1
cross_dataset,dataset_b_to_dataset_a,LightGBM,B2_time_frequency,dataset_a:imu_20260721_201917,dataset_a,seojin,0,0.002691904438925993,0,1
cross_dataset,dataset_b_to_dataset_a,LightGBM,B2_time_frequency,dataset_a:imu_20260721_201938,dataset_a,seojin,0,0.002691904438925993,0,1
cross_dataset,dataset_b_to_dataset_a,LightGBM,B2_time_frequency,dataset_a:imu_20260721_202000,dataset_a,seojin,0,0.002691904438925993,0,1
cross_dataset,dataset_b_to_dataset_a,LightGBM,B2_time_frequency,dataset_a:imu_20260721_202022,dataset_a,seojin,0,0.0026770301185264846,0,1
cross_dataset,dataset_b_to_dataset_a,LightGBM,B2_time_frequency,dataset_a:imu_20260721_202043,dataset_a,seojin,0,0.0026770301185264846,0,1
cross_dataset,dataset_b_to_dataset_a,LightGBM,B2_time_frequency,dataset_a:imu_20260721_202111,dataset_a,seojin,0,0.0026770301185264846,0,1
cross_dataset,dataset_b_to_dataset_a,LightGBM,B2_time_frequency,dataset_a:imu_20260721_202136,dataset_a,seojin,0,0.002691904438925993,0,1
cross_dataset,dataset_b_to_dataset_a,LightGBM,B2_time_frequency,dataset_a:imu_20260721_202205,dataset_a,seojin,0,0.0026770301185264846,0,1
cross_dataset,dataset_b_to_dataset_a,LightGBM,B2_time_frequency,dataset_a:imu_20260721_202252,dataset_a,seojin,0,0.0026770301185264846,0,1
cross_dataset,dataset_b_to_dataset_a,LightGBM,B2_time_frequency,dataset_a:imu_20260721_202326,dataset_a,seojin,0,0.0026770301185264846,0,1
cross_dataset,dataset_b_to_dataset_a,LightGBM,B2_time_frequency,dataset_a:imu_20260721_202355,dataset_a,seojin,0,0.0026770301185264846,0,1
cross_dataset,dataset_b_to_dataset_a,LightGBM,B2_time_frequency,dataset_a:imu_20260721_202446,dataset_a,seojin,0,0.0026770301185264846,0,1
cross_dataset,dataset_b_to_dataset_a,LightGBM,B2_time_frequency,dataset_a:imu_20260721_202508,dataset_a,seojin,0,0.002691904438925993,0,1
cross_dataset,dataset_b_to_dataset_a,LightGBM,B2_time_frequency,dataset_a:imu_20260721_202529,dataset_a,seojin,0,0.002691904438925993,0,1
cross_dataset,dataset_b_to_dataset_a,LightGBM,B2_time_frequency,dataset_a:imu_20260721_202550,dataset_a,seojin,0,0.002691904438925993,0,1
cross_dataset,dataset_b_to_dataset_a,LightGBM,B2_time_frequency,dataset_a:imu_20260721_202613,dataset_a,seojin,0,0.002691904438925993,0,1
cross_dataset,dataset_b_to_dataset_a,LightGBM,B2_time_frequency,dataset_a:imu_20260721_202634,dataset_a,seojin,0,0.002691904438925993,0,1
cross_dataset,dataset_b_to_dataset_a,LightGBM,B2_time_frequency,dataset_a:imu_20260721_202704,dataset_a,seojin,0,0.002691904438925993,0,1
cross_dataset,dataset_b_to_dataset_a,LightGBM,B2_time_frequency,dataset_a:imu_20260721_223440,dataset_a,BIBI,1,0.9970297836614378,1,1
cross_dataset,dataset_b_to_dataset_a,LightGBM,B2_time_frequency,dataset_a:imu_20260721_223504,dataset_a,BIBI,1,0.9970297836614378,1,1
cross_dataset,dataset_b_to_dataset_a,LightGBM,B2_time_frequency,dataset_a:imu_20260721_223730,dataset_a,BIBI,1,0.9970297836614378,1,1
cross_dataset,dataset_b_to_dataset_a,LightGBM,B2_time_frequency,dataset_a:imu_20260721_223808,dataset_a,BIBI,1,0.9970297836614378,1,1
cross_dataset,dataset_b_to_dataset_a,LightGBM,B2_time_frequency,dataset_a:imu_20260721_223840,dataset_a,BIBI,1,0.9970297836614378,1,1
cross_dataset,dataset_b_to_dataset_a,LightGBM,B2_time_frequency,dataset_a:imu_20260721_224047,dataset_a,BIBI,1,0.9970297836614378,1,1
cross_dataset,dataset_b_to_dataset_a,LightGBM,B2_time_frequency,dataset_a:imu_20260721_224120,dataset_a,BIBI,1,0.9970297836614378,1,1
cross_dataset,dataset_b_to_dataset_a,LightGBM,B2_time_frequency,dataset_a:imu_20260721_224153,dataset_a,BIBI,1,0.9970297836614378,1,1
cross_dataset,dataset_b_to_dataset_a,LightGBM,B2_time_frequency,dataset_a:imu_20260721_224224,dataset_a,BIBI,1,0.9962946049442447,1,1
cross_dataset,dataset_b_to_dataset_a,LightGBM,B2_time_frequency,dataset_a:imu_20260721_224255,dataset_a,BIBI,1,0.9970297836614378,1,1
cross_dataset,dataset_b_to_dataset_a,LightGBM,B2_time_frequency,dataset_a:imu_20260721_203056,dataset_a,euno,1,0.9969507081482415,1,1
cross_dataset,dataset_b_to_dataset_a,LightGBM,B2_time_frequency,dataset_a:imu_20260721_203128,dataset_a,euno,1,0.9933627850840387,1,1
cross_dataset,dataset_b_to_dataset_a,LightGBM,B2_time_frequency,dataset_a:imu_20260721_203200,dataset_a,euno,1,0.9961695607636564,1,1
cross_dataset,dataset_b_to_dataset_a,LightGBM,B2_time_frequency,dataset_a:imu_20260721_203245,dataset_a,euno,1,0.9958160521644828,1,1
cross_dataset,dataset_b_to_dataset_a,LightGBM,B2_time_frequency,dataset_a:imu_20260721_203312,dataset_a,euno,1,0.9970297836614378,1,1
cross_dataset,dataset_b_to_dataset_a,LightGBM,B2_time_frequency,dataset_a:imu_20260721_203346,dataset_a,euno,1,0.9970297836614378,1,1
cross_dataset,dataset_b_to_dataset_a,LightGBM,B2_time_frequency,dataset_a:imu_20260721_203417,dataset_a,euno,1,0.9970297836614378,1,1
cross_dataset,dataset_b_to_dataset_a,LightGBM,B2_time_frequency,dataset_a:imu_20260721_203445,dataset_a,euno,1,0.9970090972869436,1,1
cross_dataset,dataset_b_to_dataset_a,LightGBM,B2_time_frequency,dataset_a:imu_20260721_203519,dataset_a,euno,1,0.9939557785079592,1,1
cross_dataset,dataset_b_to_dataset_a,LightGBM,B2_time_frequency,dataset_a:imu_20260721_203543,dataset_a,euno,1,0.9970297836614378,1,1
cross_dataset,dataset_b_to_dataset_a,LightGBM,B2_time_frequency,dataset_a:imu_20260721_203606,dataset_a,euno,1,0.9948721281732764,1,1
cross_dataset,dataset_b_to_dataset_a,LightGBM,B2_time_frequency,dataset_a:imu_20260721_215110,dataset_a,euno,1,0.9961695607636564,1,1
cross_dataset,dataset_b_to_dataset_a,LightGBM,B2_time_frequency,dataset_a:imu_20260721_215133,dataset_a,euno,1,0.9939557785079592,1,1
cross_dataset,dataset_b_to_dataset_a,LightGBM,B2_time_frequency,dataset_a:imu_20260721_215223,dataset_a,euno,1,0.9961695607636564,1,1
cross_dataset,dataset_b_to_dataset_a,LightGBM,B2_time_frequency,dataset_a:imu_20260721_215726,dataset_a,euno,1,0.996268817504041,1,1
cross_dataset,dataset_b_to_dataset_a,LightGBM,B2_time_frequency,dataset_a:imu_20260721_215749,dataset_a,euno,1,0.996268817504041,1,1
cross_dataset,dataset_b_to_dataset_a,LightGBM,B2_time_frequency,dataset_a:imu_20260721_215828,dataset_a,euno,1,0.9939557785079592,1,1
cross_dataset,dataset_b_to_dataset_a,LightGBM,B2_time_frequency,dataset_a:imu_20260721_215941,dataset_a,euno,1,0.9969294727403417,1,1
cross_dataset,dataset_b_to_dataset_a,LightGBM,B2_time_frequency,dataset_a:imu_20260721_220015,dataset_a,euno,1,0.996268817504041,1,1
cross_dataset,dataset_b_to_dataset_a,LightGBM,B2_time_frequency,dataset_a:imu_20260721_220049,dataset_a,euno,1,0.9970090972869436,1,1
cross_dataset,dataset_b_to_dataset_a,LightGBM,B2_time_frequency,dataset_a:imu_20260721_220445,dataset_a,euno,1,0.996268817504041,1,1
cross_dataset,dataset_b_to_dataset_a,LightGBM,B2_time_frequency,dataset_a:imu_20260721_220513,dataset_a,euno,1,0.993795373622423,1,1
cross_dataset,dataset_b_to_dataset_a,LightGBM,B2_time_frequency,dataset_a:imu_20260721_220956,dataset_a,euno,1,0.9961695607636564,1,1
cross_dataset,dataset_b_to_dataset_a,LightGBM,B2_time_frequency,dataset_a:imu_20260721_221020,dataset_a,euno,1,0.9969294727403417,1,1
cross_dataset,dataset_b_to_dataset_a,LightGBM,B2_time_frequency,dataset_a:imu_20260721_221056,dataset_a,euno,1,0.996268817504041,1,1
cross_dataset,dataset_b_to_dataset_a,LightGBM,B2_time_frequency,dataset_a:imu_20260721_222005,dataset_a,march,1,0.9939557785079592,1,1
cross_dataset,dataset_b_to_dataset_a,LightGBM,B2_time_frequency,dataset_a:imu_20260721_222050,dataset_a,march,1,0.9886168306156006,1,1
cross_dataset,dataset_b_to_dataset_a,LightGBM,B2_time_frequency,dataset_a:imu_20260721_222119,dataset_a,march,1,0.9951527405839927,1,1
cross_dataset,dataset_b_to_dataset_a,LightGBM,B2_time_frequency,dataset_a:imu_20260721_222446,dataset_a,march,1,0.988380382997738,1,1
cross_dataset,dataset_b_to_dataset_a,LightGBM,B2_time_frequency,dataset_a:imu_20260721_222509,dataset_a,march,1,0.988380382997738,1,1
cross_dataset,dataset_b_to_dataset_a,LightGBM,B2_time_frequency,dataset_a:imu_20260721_222534,dataset_a,march,1,0.9883164032759458,1,1
cross_dataset,dataset_b_to_dataset_a,LightGBM,B2_time_frequency,dataset_a:imu_20260721_222600,dataset_a,march,1,0.9939557785079592,1,1
cross_dataset,dataset_b_to_dataset_a,LightGBM,B2_time_frequency,dataset_a:imu_20260721_222630,dataset_a,march,1,0.9931411276680767,1,1
cross_dataset,dataset_b_to_dataset_a,LightGBM,B2_time_frequency,dataset_a:imu_20260721_222915,dataset_a,march,1,0.993795373622423,1,1
cross_dataset,dataset_b_to_dataset_a,LightGBM,B2_time_frequency,dataset_a:imu_20260721_222939,dataset_a,march,1,0.9905572166770873,1,1
cross_dataset,dataset_b_to_dataset_a,LightGBM,B2_time_frequency,dataset_a:imu_20260721_195856,dataset_a,seojin,1,0.9970297836614378,1,1
cross_dataset,dataset_b_to_dataset_a,LightGBM,B2_time_frequency,dataset_a:imu_20260721_200002,dataset_a,seojin,1,0.9970297836614378,1,1
cross_dataset,dataset_b_to_dataset_a,LightGBM,B2_time_frequency,dataset_a:imu_20260721_200033,dataset_a,seojin,1,0.9970297836614378,1,1
cross_dataset,dataset_b_to_dataset_a,LightGBM,B2_time_frequency,dataset_a:imu_20260721_200059,dataset_a,seojin,1,0.9970297836614378,1,1
cross_dataset,dataset_b_to_dataset_a,LightGBM,B2_time_frequency,dataset_a:imu_20260721_200128,dataset_a,seojin,1,0.9969507081482415,1,1
cross_dataset,dataset_b_to_dataset_a,LightGBM,B2_time_frequency,dataset_a:imu_20260721_200152,dataset_a,seojin,1,0.9957899996704129,1,1
cross_dataset,dataset_b_to_dataset_a,LightGBM,B2_time_frequency,dataset_a:imu_20260721_200233,dataset_a,seojin,1,0.9970297836614378,1,1
cross_dataset,dataset_b_to_dataset_a,LightGBM,B2_time_frequency,dataset_a:imu_20260721_200256,dataset_a,seojin,1,0.9970297836614378,1,1
cross_dataset,dataset_b_to_dataset_a,LightGBM,B2_time_frequency,dataset_a:imu_20260721_200321,dataset_a,seojin,1,0.9970297836614378,1,1
cross_dataset,dataset_b_to_dataset_a,LightGBM,B2_time_frequency,dataset_a:imu_20260721_200433,dataset_a,seojin,1,0.9970090972869436,1,1
cross_dataset,dataset_b_to_dataset_a,LightGBM,B2_time_frequency,dataset_a:imu_20260721_200508,dataset_a,seojin,1,0.9969507081482415,1,1
cross_dataset,dataset_b_to_dataset_a,LightGBM,B2_time_frequency,dataset_a:imu_20260721_200530,dataset_a,seojin,1,0.9969294727403417,1,1
cross_dataset,dataset_b_to_dataset_a,LightGBM,B2_time_frequency,dataset_a:imu_20260721_200553,dataset_a,seojin,1,0.9969294727403417,1,1
cross_dataset,dataset_b_to_dataset_a,LightGBM,B2_time_frequency,dataset_a:imu_20260721_200617,dataset_a,seojin,1,0.9970090972869436,1,1
cross_dataset,dataset_b_to_dataset_a,LightGBM,B2_time_frequency,dataset_a:imu_20260721_200642,dataset_a,seojin,1,0.9970297836614378,1,1
cross_dataset,dataset_b_to_dataset_a,LightGBM,B2_time_frequency,dataset_a:imu_20260721_200826,dataset_a,seojin,1,0.9970297836614378,1,1
cross_dataset,dataset_b_to_dataset_a,LightGBM,B2_time_frequency,dataset_a:imu_20260721_200851,dataset_a,seojin,1,0.9970090972869436,1,1
cross_dataset,dataset_b_to_dataset_a,LightGBM,B2_time_frequency,dataset_a:imu_20260721_201011,dataset_a,seojin,1,0.9970297836614378,1,1
cross_dataset,dataset_b_to_dataset_a,LightGBM,B2_time_frequency,dataset_a:imu_20260721_201034,dataset_a,seojin,1,0.9970297836614378,1,1
cross_dataset,dataset_b_to_dataset_a,LightGBM,B2_time_frequency,dataset_a:imu_20260721_201110,dataset_a,seojin,1,0.9970297836614378,1,1
cross_dataset,dataset_b_to_dataset_a,LightGBM,B2_time_frequency,dataset_a:imu_20260721_201149,dataset_a,seojin,1,0.9970297836614378,1,1
cross_dataset,dataset_b_to_dataset_a,LightGBM,B2_time_frequency,dataset_a:imu_20260721_201211,dataset_a,seojin,1,0.9970297836614378,1,1
cross_dataset,dataset_b_to_dataset_a,LightGBM,B2_time_frequency,dataset_a:imu_20260721_201234,dataset_a,seojin,1,0.9970297836614378,1,1
cross_dataset,dataset_b_to_dataset_a,LightGBM,B2_time_frequency,dataset_a:imu_20260721_201256,dataset_a,seojin,1,0.9970297836614378,1,1
cross_dataset,dataset_b_to_dataset_a,LightGBM,B2_time_frequency,dataset_a:imu_20260721_201318,dataset_a,seojin,1,0.9970297836614378,1,1
cross_dataset,dataset_b_to_dataset_a,XGBoost,B2_time_frequency,dataset_a:imu_20260721_223610,dataset_a,BIBI,0,0.02716073766350746,0,1
cross_dataset,dataset_b_to_dataset_a,XGBoost,B2_time_frequency,dataset_a:imu_20260721_223637,dataset_a,BIBI,0,0.027324505150318146,0,1
cross_dataset,dataset_b_to_dataset_a,XGBoost,B2_time_frequency,dataset_a:imu_20260721_223912,dataset_a,BIBI,0,0.02840009145438671,0,1
cross_dataset,dataset_b_to_dataset_a,XGBoost,B2_time_frequency,dataset_a:imu_20260721_223934,dataset_a,BIBI,0,0.027324505150318146,0,1
cross_dataset,dataset_b_to_dataset_a,XGBoost,B2_time_frequency,dataset_a:imu_20260721_223956,dataset_a,BIBI,0,0.027324505150318146,0,1
cross_dataset,dataset_b_to_dataset_a,XGBoost,B2_time_frequency,dataset_a:imu_20260721_224325,dataset_a,BIBI,0,0.027324505150318146,0,1
cross_dataset,dataset_b_to_dataset_a,XGBoost,B2_time_frequency,dataset_a:imu_20260721_224347,dataset_a,BIBI,0,0.02840009145438671,0,1
cross_dataset,dataset_b_to_dataset_a,XGBoost,B2_time_frequency,dataset_a:imu_20260721_224411,dataset_a,BIBI,0,0.03613442927598953,0,1
cross_dataset,dataset_b_to_dataset_a,XGBoost,B2_time_frequency,dataset_a:imu_20260721_224433,dataset_a,BIBI,0,0.026130815967917442,0,1
cross_dataset,dataset_b_to_dataset_a,XGBoost,B2_time_frequency,dataset_a:imu_20260721_224454,dataset_a,BIBI,0,0.02716073766350746,0,1
cross_dataset,dataset_b_to_dataset_a,XGBoost,B2_time_frequency,dataset_a:imu_20260721_203653,dataset_a,euno,0,0.02840009145438671,0,1
cross_dataset,dataset_b_to_dataset_a,XGBoost,B2_time_frequency,dataset_a:imu_20260721_203715,dataset_a,euno,0,0.027324505150318146,0,1
cross_dataset,dataset_b_to_dataset_a,XGBoost,B2_time_frequency,dataset_a:imu_20260721_203739,dataset_a,euno,0,0.02840009145438671,0,1
cross_dataset,dataset_b_to_dataset_a,XGBoost,B2_time_frequency,dataset_a:imu_20260721_203800,dataset_a,euno,0,0.02840009145438671,0,1
cross_dataset,dataset_b_to_dataset_a,XGBoost,B2_time_frequency,dataset_a:imu_20260721_203825,dataset_a,euno,0,0.02840009145438671,0,1
cross_dataset,dataset_b_to_dataset_a,XGBoost,B2_time_frequency,dataset_a:imu_20260721_204013,dataset_a,euno,0,0.02840009145438671,0,1
cross_dataset,dataset_b_to_dataset_a,XGBoost,B2_time_frequency,dataset_a:imu_20260721_220136,dataset_a,euno,0,0.02840009145438671,0,1
cross_dataset,dataset_b_to_dataset_a,XGBoost,B2_time_frequency,dataset_a:imu_20260721_220201,dataset_a,euno,0,0.026130815967917442,0,1
cross_dataset,dataset_b_to_dataset_a,XGBoost,B2_time_frequency,dataset_a:imu_20260721_220237,dataset_a,euno,0,0.02840009145438671,0,1
cross_dataset,dataset_b_to_dataset_a,XGBoost,B2_time_frequency,dataset_a:imu_20260721_220259,dataset_a,euno,0,0.02840009145438671,0,1
cross_dataset,dataset_b_to_dataset_a,XGBoost,B2_time_frequency,dataset_a:imu_20260721_220322,dataset_a,euno,0,0.02840009145438671,0,1
cross_dataset,dataset_b_to_dataset_a,XGBoost,B2_time_frequency,dataset_a:imu_20260721_220347,dataset_a,euno,0,0.02840009145438671,0,1
cross_dataset,dataset_b_to_dataset_a,XGBoost,B2_time_frequency,dataset_a:imu_20260721_220409,dataset_a,euno,0,0.02840009145438671,0,1
cross_dataset,dataset_b_to_dataset_a,XGBoost,B2_time_frequency,dataset_a:imu_20260721_221129,dataset_a,euno,0,0.027324505150318146,0,1
cross_dataset,dataset_b_to_dataset_a,XGBoost,B2_time_frequency,dataset_a:imu_20260721_221151,dataset_a,euno,0,0.02840009145438671,0,1
cross_dataset,dataset_b_to_dataset_a,XGBoost,B2_time_frequency,dataset_a:imu_20260721_221214,dataset_a,euno,0,0.027324505150318146,0,1
cross_dataset,dataset_b_to_dataset_a,XGBoost,B2_time_frequency,dataset_a:imu_20260721_221235,dataset_a,euno,0,0.02716073766350746,0,1
cross_dataset,dataset_b_to_dataset_a,XGBoost,B2_time_frequency,dataset_a:imu_20260721_221256,dataset_a,euno,0,0.027324505150318146,0,1
cross_dataset,dataset_b_to_dataset_a,XGBoost,B2_time_frequency,dataset_a:imu_20260721_221318,dataset_a,euno,0,0.02716073766350746,0,1
cross_dataset,dataset_b_to_dataset_a,XGBoost,B2_time_frequency,dataset_a:imu_20260721_221339,dataset_a,euno,0,0.02840009145438671,0,1
cross_dataset,dataset_b_to_dataset_a,XGBoost,B2_time_frequency,dataset_a:imu_20260721_221400,dataset_a,euno,0,0.027324505150318146,0,1
cross_dataset,dataset_b_to_dataset_a,XGBoost,B2_time_frequency,dataset_a:imu_20260721_221433,dataset_a,euno,0,0.02716073766350746,0,1
cross_dataset,dataset_b_to_dataset_a,XGBoost,B2_time_frequency,dataset_a:imu_20260721_221455,dataset_a,euno,0,0.02716073766350746,0,1
cross_dataset,dataset_b_to_dataset_a,XGBoost,B2_time_frequency,dataset_a:imu_20260721_221516,dataset_a,euno,0,0.02716073766350746,0,1
cross_dataset,dataset_b_to_dataset_a,XGBoost,B2_time_frequency,dataset_a:imu_20260721_221704,dataset_a,euno,0,0.02840009145438671,0,1
cross_dataset,dataset_b_to_dataset_a,XGBoost,B2_time_frequency,dataset_a:imu_20260721_222227,dataset_a,march,0,0.02840009145438671,0,1
cross_dataset,dataset_b_to_dataset_a,XGBoost,B2_time_frequency,dataset_a:imu_20260721_222248,dataset_a,march,0,0.02840009145438671,0,1
cross_dataset,dataset_b_to_dataset_a,XGBoost,B2_time_frequency,dataset_a:imu_20260721_222310,dataset_a,march,0,0.02840009145438671,0,1
cross_dataset,dataset_b_to_dataset_a,XGBoost,B2_time_frequency,dataset_a:imu_20260721_222332,dataset_a,march,0,0.02840009145438671,0,1
cross_dataset,dataset_b_to_dataset_a,XGBoost,B2_time_frequency,dataset_a:imu_20260721_222355,dataset_a,march,0,0.02840009145438671,0,1
cross_dataset,dataset_b_to_dataset_a,XGBoost,B2_time_frequency,dataset_a:imu_20260721_222703,dataset_a,march,0,0.02840009145438671,0,1
cross_dataset,dataset_b_to_dataset_a,XGBoost,B2_time_frequency,dataset_a:imu_20260721_222726,dataset_a,march,0,0.02840009145438671,0,1
cross_dataset,dataset_b_to_dataset_a,XGBoost,B2_time_frequency,dataset_a:imu_20260721_222747,dataset_a,march,0,0.02840009145438671,0,1
cross_dataset,dataset_b_to_dataset_a,XGBoost,B2_time_frequency,dataset_a:imu_20260721_222813,dataset_a,march,0,0.02840009145438671,0,1
cross_dataset,dataset_b_to_dataset_a,XGBoost,B2_time_frequency,dataset_a:imu_20260721_222834,dataset_a,march,0,0.02840009145438671,0,1
cross_dataset,dataset_b_to_dataset_a,XGBoost,B2_time_frequency,dataset_a:imu_20260721_201428,dataset_a,seojin,0,0.028903746977448463,0,1
cross_dataset,dataset_b_to_dataset_a,XGBoost,B2_time_frequency,dataset_a:imu_20260721_201455,dataset_a,seojin,0,0.02716073766350746,0,1
cross_dataset,dataset_b_to_dataset_a,XGBoost,B2_time_frequency,dataset_a:imu_20260721_201609,dataset_a,seojin,0,0.02716073766350746,0,1
cross_dataset,dataset_b_to_dataset_a,XGBoost,B2_time_frequency,dataset_a:imu_20260721_201735,dataset_a,seojin,0,0.02716073766350746,0,1
cross_dataset,dataset_b_to_dataset_a,XGBoost,B2_time_frequency,dataset_a:imu_20260721_201808,dataset_a,seojin,0,0.02716073766350746,0,1
cross_dataset,dataset_b_to_dataset_a,XGBoost,B2_time_frequency,dataset_a:imu_20260721_201832,dataset_a,seojin,0,0.02716073766350746,0,1
cross_dataset,dataset_b_to_dataset_a,XGBoost,B2_time_frequency,dataset_a:imu_20260721_201855,dataset_a,seojin,0,0.02716073766350746,0,1
cross_dataset,dataset_b_to_dataset_a,XGBoost,B2_time_frequency,dataset_a:imu_20260721_201917,dataset_a,seojin,0,0.02716073766350746,0,1
cross_dataset,dataset_b_to_dataset_a,XGBoost,B2_time_frequency,dataset_a:imu_20260721_201938,dataset_a,seojin,0,0.02716073766350746,0,1
cross_dataset,dataset_b_to_dataset_a,XGBoost,B2_time_frequency,dataset_a:imu_20260721_202000,dataset_a,seojin,0,0.02716073766350746,0,1
cross_dataset,dataset_b_to_dataset_a,XGBoost,B2_time_frequency,dataset_a:imu_20260721_202022,dataset_a,seojin,0,0.030833715572953224,0,1
cross_dataset,dataset_b_to_dataset_a,XGBoost,B2_time_frequency,dataset_a:imu_20260721_202043,dataset_a,seojin,0,0.02716073766350746,0,1
cross_dataset,dataset_b_to_dataset_a,XGBoost,B2_time_frequency,dataset_a:imu_20260721_202111,dataset_a,seojin,0,0.02716073766350746,0,1
cross_dataset,dataset_b_to_dataset_a,XGBoost,B2_time_frequency,dataset_a:imu_20260721_202136,dataset_a,seojin,0,0.02716073766350746,0,1
cross_dataset,dataset_b_to_dataset_a,XGBoost,B2_time_frequency,dataset_a:imu_20260721_202205,dataset_a,seojin,0,0.034569550305604935,0,1
cross_dataset,dataset_b_to_dataset_a,XGBoost,B2_time_frequency,dataset_a:imu_20260721_202252,dataset_a,seojin,0,0.02716073766350746,0,1
cross_dataset,dataset_b_to_dataset_a,XGBoost,B2_time_frequency,dataset_a:imu_20260721_202326,dataset_a,seojin,0,0.030833715572953224,0,1
cross_dataset,dataset_b_to_dataset_a,XGBoost,B2_time_frequency,dataset_a:imu_20260721_202355,dataset_a,seojin,0,0.02716073766350746,0,1
cross_dataset,dataset_b_to_dataset_a,XGBoost,B2_time_frequency,dataset_a:imu_20260721_202446,dataset_a,seojin,0,0.02840009145438671,0,1
cross_dataset,dataset_b_to_dataset_a,XGBoost,B2_time_frequency,dataset_a:imu_20260721_202508,dataset_a,seojin,0,0.02840009145438671,0,1
cross_dataset,dataset_b_to_dataset_a,XGBoost,B2_time_frequency,dataset_a:imu_20260721_202529,dataset_a,seojin,0,0.02716073766350746,0,1
cross_dataset,dataset_b_to_dataset_a,XGBoost,B2_time_frequency,dataset_a:imu_20260721_202550,dataset_a,seojin,0,0.02840009145438671,0,1
cross_dataset,dataset_b_to_dataset_a,XGBoost,B2_time_frequency,dataset_a:imu_20260721_202613,dataset_a,seojin,0,0.02716073766350746,0,1
cross_dataset,dataset_b_to_dataset_a,XGBoost,B2_time_frequency,dataset_a:imu_20260721_202634,dataset_a,seojin,0,0.02840009145438671,0,1
cross_dataset,dataset_b_to_dataset_a,XGBoost,B2_time_frequency,dataset_a:imu_20260721_202704,dataset_a,seojin,0,0.02840009145438671,0,1
cross_dataset,dataset_b_to_dataset_a,XGBoost,B2_time_frequency,dataset_a:imu_20260721_223440,dataset_a,BIBI,1,0.9716830849647522,1,1
cross_dataset,dataset_b_to_dataset_a,XGBoost,B2_time_frequency,dataset_a:imu_20260721_223504,dataset_a,BIBI,1,0.9716830849647522,1,1
cross_dataset,dataset_b_to_dataset_a,XGBoost,B2_time_frequency,dataset_a:imu_20260721_223730,dataset_a,BIBI,1,0.9716830849647522,1,1
cross_dataset,dataset_b_to_dataset_a,XGBoost,B2_time_frequency,dataset_a:imu_20260721_223808,dataset_a,BIBI,1,0.9716830849647522,1,1
cross_dataset,dataset_b_to_dataset_a,XGBoost,B2_time_frequency,dataset_a:imu_20260721_223840,dataset_a,BIBI,1,0.9716830849647522,1,1
cross_dataset,dataset_b_to_dataset_a,XGBoost,B2_time_frequency,dataset_a:imu_20260721_224047,dataset_a,BIBI,1,0.9716830849647522,1,1
cross_dataset,dataset_b_to_dataset_a,XGBoost,B2_time_frequency,dataset_a:imu_20260721_224120,dataset_a,BIBI,1,0.9716830849647522,1,1
cross_dataset,dataset_b_to_dataset_a,XGBoost,B2_time_frequency,dataset_a:imu_20260721_224153,dataset_a,BIBI,1,0.9716830849647522,1,1
cross_dataset,dataset_b_to_dataset_a,XGBoost,B2_time_frequency,dataset_a:imu_20260721_224224,dataset_a,BIBI,1,0.9702466726303101,1,1
cross_dataset,dataset_b_to_dataset_a,XGBoost,B2_time_frequency,dataset_a:imu_20260721_224255,dataset_a,BIBI,1,0.9716830849647522,1,1
cross_dataset,dataset_b_to_dataset_a,XGBoost,B2_time_frequency,dataset_a:imu_20260721_203056,dataset_a,euno,1,0.9702466726303101,1,1
cross_dataset,dataset_b_to_dataset_a,XGBoost,B2_time_frequency,dataset_a:imu_20260721_203128,dataset_a,euno,1,0.9687197208404541,1,1
cross_dataset,dataset_b_to_dataset_a,XGBoost,B2_time_frequency,dataset_a:imu_20260721_203200,dataset_a,euno,1,0.9702466726303101,1,1
cross_dataset,dataset_b_to_dataset_a,XGBoost,B2_time_frequency,dataset_a:imu_20260721_203245,dataset_a,euno,1,0.9702466726303101,1,1
cross_dataset,dataset_b_to_dataset_a,XGBoost,B2_time_frequency,dataset_a:imu_20260721_203312,dataset_a,euno,1,0.9716830849647522,1,1
cross_dataset,dataset_b_to_dataset_a,XGBoost,B2_time_frequency,dataset_a:imu_20260721_203346,dataset_a,euno,1,0.9690784811973572,1,1
cross_dataset,dataset_b_to_dataset_a,XGBoost,B2_time_frequency,dataset_a:imu_20260721_203417,dataset_a,euno,1,0.9716830849647522,1,1
cross_dataset,dataset_b_to_dataset_a,XGBoost,B2_time_frequency,dataset_a:imu_20260721_203445,dataset_a,euno,1,0.9690784811973572,1,1
cross_dataset,dataset_b_to_dataset_a,XGBoost,B2_time_frequency,dataset_a:imu_20260721_203519,dataset_a,euno,1,0.9702466726303101,1,1
cross_dataset,dataset_b_to_dataset_a,XGBoost,B2_time_frequency,dataset_a:imu_20260721_203543,dataset_a,euno,1,0.9716830849647522,1,1
cross_dataset,dataset_b_to_dataset_a,XGBoost,B2_time_frequency,dataset_a:imu_20260721_203606,dataset_a,euno,1,0.9702466726303101,1,1
cross_dataset,dataset_b_to_dataset_a,XGBoost,B2_time_frequency,dataset_a:imu_20260721_215110,dataset_a,euno,1,0.9702466726303101,1,1
cross_dataset,dataset_b_to_dataset_a,XGBoost,B2_time_frequency,dataset_a:imu_20260721_215133,dataset_a,euno,1,0.9702466726303101,1,1
cross_dataset,dataset_b_to_dataset_a,XGBoost,B2_time_frequency,dataset_a:imu_20260721_215223,dataset_a,euno,1,0.9702466726303101,1,1
cross_dataset,dataset_b_to_dataset_a,XGBoost,B2_time_frequency,dataset_a:imu_20260721_215726,dataset_a,euno,1,0.9702466726303101,1,1
cross_dataset,dataset_b_to_dataset_a,XGBoost,B2_time_frequency,dataset_a:imu_20260721_215749,dataset_a,euno,1,0.9702466726303101,1,1
cross_dataset,dataset_b_to_dataset_a,XGBoost,B2_time_frequency,dataset_a:imu_20260721_215828,dataset_a,euno,1,0.9263755679130554,1,1
cross_dataset,dataset_b_to_dataset_a,XGBoost,B2_time_frequency,dataset_a:imu_20260721_215941,dataset_a,euno,1,0.9702466726303101,1,1
cross_dataset,dataset_b_to_dataset_a,XGBoost,B2_time_frequency,dataset_a:imu_20260721_220015,dataset_a,euno,1,0.9702466726303101,1,1
cross_dataset,dataset_b_to_dataset_a,XGBoost,B2_time_frequency,dataset_a:imu_20260721_220049,dataset_a,euno,1,0.9702466726303101,1,1
cross_dataset,dataset_b_to_dataset_a,XGBoost,B2_time_frequency,dataset_a:imu_20260721_220445,dataset_a,euno,1,0.9702466726303101,1,1
cross_dataset,dataset_b_to_dataset_a,XGBoost,B2_time_frequency,dataset_a:imu_20260721_220513,dataset_a,euno,1,0.9687197208404541,1,1
cross_dataset,dataset_b_to_dataset_a,XGBoost,B2_time_frequency,dataset_a:imu_20260721_220956,dataset_a,euno,1,0.9702466726303101,1,1
cross_dataset,dataset_b_to_dataset_a,XGBoost,B2_time_frequency,dataset_a:imu_20260721_221020,dataset_a,euno,1,0.9702466726303101,1,1
cross_dataset,dataset_b_to_dataset_a,XGBoost,B2_time_frequency,dataset_a:imu_20260721_221056,dataset_a,euno,1,0.9702466726303101,1,1
cross_dataset,dataset_b_to_dataset_a,XGBoost,B2_time_frequency,dataset_a:imu_20260721_222005,dataset_a,march,1,0.966018795967102,1,1
cross_dataset,dataset_b_to_dataset_a,XGBoost,B2_time_frequency,dataset_a:imu_20260721_222050,dataset_a,march,1,0.09949742257595062,0,0
cross_dataset,dataset_b_to_dataset_a,XGBoost,B2_time_frequency,dataset_a:imu_20260721_222119,dataset_a,march,1,0.9239771962165833,1,1
cross_dataset,dataset_b_to_dataset_a,XGBoost,B2_time_frequency,dataset_a:imu_20260721_222446,dataset_a,march,1,0.095995232462883,0,0
cross_dataset,dataset_b_to_dataset_a,XGBoost,B2_time_frequency,dataset_a:imu_20260721_222509,dataset_a,march,1,0.095995232462883,0,0
cross_dataset,dataset_b_to_dataset_a,XGBoost,B2_time_frequency,dataset_a:imu_20260721_222534,dataset_a,march,1,0.095995232462883,0,0
cross_dataset,dataset_b_to_dataset_a,XGBoost,B2_time_frequency,dataset_a:imu_20260721_222600,dataset_a,march,1,0.9674936532974243,1,1
cross_dataset,dataset_b_to_dataset_a,XGBoost,B2_time_frequency,dataset_a:imu_20260721_222630,dataset_a,march,1,0.1222899854183197,0,0
cross_dataset,dataset_b_to_dataset_a,XGBoost,B2_time_frequency,dataset_a:imu_20260721_222915,dataset_a,march,1,0.9021173715591431,1,1
cross_dataset,dataset_b_to_dataset_a,XGBoost,B2_time_frequency,dataset_a:imu_20260721_222939,dataset_a,march,1,0.095995232462883,0,0
cross_dataset,dataset_b_to_dataset_a,XGBoost,B2_time_frequency,dataset_a:imu_20260721_195856,dataset_a,seojin,1,0.9716830849647522,1,1
cross_dataset,dataset_b_to_dataset_a,XGBoost,B2_time_frequency,dataset_a:imu_20260721_200002,dataset_a,seojin,1,0.9716830849647522,1,1
cross_dataset,dataset_b_to_dataset_a,XGBoost,B2_time_frequency,dataset_a:imu_20260721_200033,dataset_a,seojin,1,0.9716830849647522,1,1
cross_dataset,dataset_b_to_dataset_a,XGBoost,B2_time_frequency,dataset_a:imu_20260721_200059,dataset_a,seojin,1,0.9716830849647522,1,1
cross_dataset,dataset_b_to_dataset_a,XGBoost,B2_time_frequency,dataset_a:imu_20260721_200128,dataset_a,seojin,1,0.9716830849647522,1,1
cross_dataset,dataset_b_to_dataset_a,XGBoost,B2_time_frequency,dataset_a:imu_20260721_200152,dataset_a,seojin,1,0.9688091278076172,1,1
cross_dataset,dataset_b_to_dataset_a,XGBoost,B2_time_frequency,dataset_a:imu_20260721_200233,dataset_a,seojin,1,0.9705696105957031,1,1
cross_dataset,dataset_b_to_dataset_a,XGBoost,B2_time_frequency,dataset_a:imu_20260721_200256,dataset_a,seojin,1,0.9716830849647522,1,1
cross_dataset,dataset_b_to_dataset_a,XGBoost,B2_time_frequency,dataset_a:imu_20260721_200321,dataset_a,seojin,1,0.9705696105957031,1,1
cross_dataset,dataset_b_to_dataset_a,XGBoost,B2_time_frequency,dataset_a:imu_20260721_200433,dataset_a,seojin,1,0.9690784811973572,1,1
cross_dataset,dataset_b_to_dataset_a,XGBoost,B2_time_frequency,dataset_a:imu_20260721_200508,dataset_a,seojin,1,0.9716830849647522,1,1
cross_dataset,dataset_b_to_dataset_a,XGBoost,B2_time_frequency,dataset_a:imu_20260721_200530,dataset_a,seojin,1,0.9705696105957031,1,1
cross_dataset,dataset_b_to_dataset_a,XGBoost,B2_time_frequency,dataset_a:imu_20260721_200553,dataset_a,seojin,1,0.9716830849647522,1,1
cross_dataset,dataset_b_to_dataset_a,XGBoost,B2_time_frequency,dataset_a:imu_20260721_200617,dataset_a,seojin,1,0.9690784811973572,1,1
cross_dataset,dataset_b_to_dataset_a,XGBoost,B2_time_frequency,dataset_a:imu_20260721_200642,dataset_a,seojin,1,0.9716830849647522,1,1
cross_dataset,dataset_b_to_dataset_a,XGBoost,B2_time_frequency,dataset_a:imu_20260721_200826,dataset_a,seojin,1,0.9716830849647522,1,1
cross_dataset,dataset_b_to_dataset_a,XGBoost,B2_time_frequency,dataset_a:imu_20260721_200851,dataset_a,seojin,1,0.9690784811973572,1,1
cross_dataset,dataset_b_to_dataset_a,XGBoost,B2_time_frequency,dataset_a:imu_20260721_201011,dataset_a,seojin,1,0.9716830849647522,1,1
cross_dataset,dataset_b_to_dataset_a,XGBoost,B2_time_frequency,dataset_a:imu_20260721_201034,dataset_a,seojin,1,0.9716830849647522,1,1
cross_dataset,dataset_b_to_dataset_a,XGBoost,B2_time_frequency,dataset_a:imu_20260721_201110,dataset_a,seojin,1,0.9716830849647522,1,1
cross_dataset,dataset_b_to_dataset_a,XGBoost,B2_time_frequency,dataset_a:imu_20260721_201149,dataset_a,seojin,1,0.9716830849647522,1,1
cross_dataset,dataset_b_to_dataset_a,XGBoost,B2_time_frequency,dataset_a:imu_20260721_201211,dataset_a,seojin,1,0.9716830849647522,1,1
cross_dataset,dataset_b_to_dataset_a,XGBoost,B2_time_frequency,dataset_a:imu_20260721_201234,dataset_a,seojin,1,0.9705696105957031,1,1
cross_dataset,dataset_b_to_dataset_a,XGBoost,B2_time_frequency,dataset_a:imu_20260721_201256,dataset_a,seojin,1,0.9705696105957031,1,1
cross_dataset,dataset_b_to_dataset_a,XGBoost,B2_time_frequency,dataset_a:imu_20260721_201318,dataset_a,seojin,1,0.9705696105957031,1,1
